{"v":"4.8.0","meta":{"g":"LottieFiles AE ","a":"","k":"","d":"","tc":""},"fr":30,"ip":0,"op":150,"w":1200,"h":1200,"nm":"2 - Favorite button","ddd":0,"assets":[{"id":"comp_0","layers":[{"ddd":0,"ind":1,"ty":4,"nm":"Color Control","sr":1,"ks":{"o":{"a":0,"k":100,"ix":11},"r":{"a":0,"k":0,"ix":10},"p":{"a":0,"k":[600,600,0],"ix":2},"a":{"a":0,"k":[0,0,0],"ix":1},"s":{"a":0,"k":[100,100,100],"ix":6}},"ao":0,"ef":[{"ty":5,"nm":"Color 1","np":3,"mn":"ADBE Color Control","ix":1,"en":1,"ef":[{"ty":2,"nm":"Color","mn":"ADBE Color Control-0001","ix":1,"v":{"a":0,"k":[1,0.505882382393,0.172549024224,1],"ix":1,"x":"var $bm_rt;\n$bm_rt = effect('Color 1')('Color');"}}]},{"ty":5,"nm":"Color 2","np":3,"mn":"ADBE Color Control","ix":2,"en":1,"ef":[{"ty":2,"nm":"Color","mn":"ADBE Color Control-0001","ix":1,"v":{"a":0,"k":[0.109803929925,0.011764707044,0.066666670144,1],"ix":1,"x":"var $bm_rt;\n$bm_rt = effect('Color 2')('Color');"}}]},{"ty":5,"nm":"Color 3","np":3,"mn":"ADBE Color Control","ix":3,"en":1,"ef":[{"ty":2,"nm":"Color","mn":"ADBE Color Control-0001","ix":1,"v":{"a":0,"k":[1,1,1,1],"ix":1,"x":"var $bm_rt;\n$bm_rt = effect('Color 3')('Color');"}}]},{"ty":5,"nm":"Color 4","np":3,"mn":"ADBE Color Control","ix":4,"en":1,"ef":[{"ty":2,"nm":"Color","mn":"ADBE Color Control-0001","ix":1,"v":{"a":0,"k":[0,0,0,1],"ix":1,"x":"var $bm_rt;\n$bm_rt = effect('Color 4')('Color');"}}]},{"ty":5,"nm":"Color 5","np":3,"mn":"ADBE Color Control","ix":5,"en":1,"ef":[{"ty":2,"nm":"Color","mn":"ADBE Color Control-0001","ix":1,"v":{"a":0,"k":[0.101960793138,0.101960793138,0.101960793138,1],"ix":1,"x":"var $bm_rt;\n$bm_rt = effect('Color 5')('Color');"}}]}],"shapes":[],"ip":0,"op":150,"st":0,"bm":0},{"ddd":0,"ind":2,"ty":4,"nm":"Shape","sr":1,"ks":{"o":{"a":0,"k":100,"ix":11},"r":{"a":0,"k":0,"ix":10},"p":{"a":0,"k":[659.585,352.19,0],"ix":2},"a":{"a":0,"k":[1019.585,292.19,0],"ix":1},"s":{"a":0,"k":[100,100,100],"ix":6}},"ao":0,"shapes":[{"ty":"gr","it":[{"ind":0,"ty":"sh","ix":1,"ks":{"a":0,"k":{"i":[[0,-3.39],[3.39,0],[0,3.39],[-3.389,0]],"o":[[0,3.39],[-3.389,0],[0,-3.39],[3.39,0]],"v":[[6.137,0],[0,6.138],[-6.137,0],[0,-6.138]],"c":true},"ix":2},"nm":"Path 1","mn":"ADBE Vector Shape - Group","hd":false},{"ty":"st","c":{"a":0,"k":[0.102000000898,0.102000000898,0.102000000898,1],"ix":3},"o":{"a":0,"k":100,"ix":4},"w":{"a":0,"k":2,"ix":5},"lc":2,"lj":2,"bm":0,"nm":"Stroke 1","mn":"ADBE Vector Graphic - Stroke","hd":false},{"ty":"fl","c":{"a":0,"k":[1,1,1,1],"ix":4},"o":{"a":0,"k":100,"ix":5},"r":1,"bm":0,"nm":"Fill 1","mn":"ADBE Vector Graphic - Fill","hd":false},{"ty":"tr","p":{"a":0,"k":[1111.598,233.574],"ix":2},"a":{"a":0,"k":[0,0],"ix":1},"s":{"a":1,"k":[{"i":{"x":[0.331,0.331],"y":[1,1]},"o":{"x":[0.666,0.666],"y":[0,0]},"t":19.364,"s":[0,0]},{"i":{"x":[0.331,0.331],"y":[1,1]},"o":{"x":[0.167,0.167],"y":[0,0]},"t":32.272,"s":[100,100]},{"i":{"x":[0.833,0.833],"y":[1,1]},"o":{"x":[0.167,0.167],"y":[0,0]},"t":38.728,"s":[100,100]},{"i":{"x":[0.833,0.833],"y":[1,1]},"o":{"x":[0.167,0.167],"y":[0,0]},"t":51.636,"s":[0,0]},{"i":{"x":[0.331,0.331],"y":[1,1]},"o":{"x":[0.666,0.666],"y":[0,0]},"t":97.364,"s":[0,0]},{"i":{"x":[0.331,0.331],"y":[1,1]},"o":{"x":[0.167,0.167],"y":[0,0]},"t":110.272,"s":[100,100]},{"i":{"x":[0.833,0.833],"y":[1,1]},"o":{"x":[0.167,0.167],"y":[0,0]},"t":116.728,"s":[100,100]},{"t":129.6357421875,"s":[0,0]}],"ix":3},"r":{"a":0,"k":0,"ix":6},"o":{"a":0,"k":100,"ix":7},"sk":{"a":0,"k":0,"ix":4},"sa":{"a":0,"k":0,"ix":5},"nm":"Transform"}],"nm":"Group 1","np":3,"cix":2,"bm":0,"ix":1,"mn":"ADBE Vector Group","hd":false},{"ty":"gr","it":[{"ind":0,"ty":"sh","ix":1,"ks":{"a":0,"k":{"i":[[0,-3.39],[3.39,0],[0,3.39],[-3.389,0]],"o":[[0,3.39],[-3.389,0],[0,-3.39],[3.39,0]],"v":[[6.137,0],[0,6.138],[-6.137,0],[0,-6.138]],"c":true},"ix":2},"nm":"Path 1","mn":"ADBE Vector Shape - Group","hd":false},{"ty":"st","c":{"a":0,"k":[0.102000000898,0.102000000898,0.102000000898,1],"ix":3},"o":{"a":0,"k":100,"ix":4},"w":{"a":0,"k":2,"ix":5},"lc":2,"lj":2,"bm":0,"nm":"Stroke 1","mn":"ADBE Vector Graphic - Stroke","hd":false},{"ty":"fl","c":{"a":0,"k":[1,1,1,1],"ix":4},"o":{"a":0,"k":100,"ix":5},"r":1,"bm":0,"nm":"Fill 1","mn":"ADBE Vector Graphic - Fill","hd":false},{"ty":"tr","p":{"a":0,"k":[1076.585,233.574],"ix":2},"a":{"a":0,"k":[0,0],"ix":1},"s":{"a":1,"k":[{"i":{"x":[0.331,0.331],"y":[1,1]},"o":{"x":[0.666,0.666],"y":[0,0]},"t":9.682,"s":[0,0]},{"i":{"x":[0.331,0.331],"y":[1,1]},"o":{"x":[0.167,0.167],"y":[0,0]},"t":22.592,"s":[100,100]},{"i":{"x":[0.833,0.833],"y":[1,1]},"o":{"x":[0.167,0.167],"y":[0,0]},"t":48.408,"s":[100,100]},{"i":{"x":[0.833,0.833],"y":[1,1]},"o":{"x":[0.167,0.167],"y":[0,0]},"t":61.318,"s":[0,0]},{"i":{"x":[0.331,0.331],"y":[1,1]},"o":{"x":[0.666,0.666],"y":[0,0]},"t":87.682,"s":[0,0]},{"i":{"x":[0.331,0.331],"y":[1,1]},"o":{"x":[0.167,0.167],"y":[0,0]},"t":100.592,"s":[100,100]},{"i":{"x":[0.833,0.833],"y":[1,1]},"o":{"x":[0.167,0.167],"y":[0,0]},"t":126.408,"s":[100,100]},{"t":139.318359375,"s":[0,0]}],"ix":3},"r":{"a":0,"k":0,"ix":6},"o":{"a":0,"k":100,"ix":7},"sk":{"a":0,"k":0,"ix":4},"sa":{"a":0,"k":0,"ix":5},"nm":"Transform"}],"nm":"Group 2","np":3,"cix":2,"bm":0,"ix":2,"mn":"ADBE Vector Group","hd":false},{"ty":"gr","it":[{"ind":0,"ty":"sh","ix":1,"ks":{"a":0,"k":{"i":[[0,-3.39],[3.39,0],[0,3.39],[-3.389,0]],"o":[[0,3.39],[-3.389,0],[0,-3.39],[3.39,0]],"v":[[6.137,0],[0,6.138],[-6.137,0],[0,-6.138]],"c":true},"ix":2},"nm":"Path 1","mn":"ADBE Vector Shape - Group","hd":false},{"ty":"st","c":{"a":0,"k":[0.102000000898,0.102000000898,0.102000000898,1],"ix":3},"o":{"a":0,"k":100,"ix":4},"w":{"a":0,"k":2,"ix":5},"lc":2,"lj":2,"bm":0,"nm":"Stroke 1","mn":"ADBE Vector Graphic - Stroke","hd":false},{"ty":"fl","c":{"a":0,"k":[1,1,1,1],"ix":4},"o":{"a":0,"k":100,"ix":5},"r":1,"bm":0,"nm":"Fill 1","mn":"ADBE Vector Graphic - Fill","hd":false},{"ty":"tr","p":{"a":0,"k":[1041.571,233.574],"ix":2},"a":{"a":0,"k":[0,0],"ix":1},"s":{"a":1,"k":[{"i":{"x":[0.331,0.331],"y":[1,1]},"o":{"x":[0.666,0.666],"y":[0,0]},"t":0,"s":[0,0]},{"i":{"x":[0.331,0.331],"y":[1,1]},"o":{"x":[0.333,0.333],"y":[0,0]},"t":12.908,"s":[100,100]},{"i":{"x":[0.667,0.667],"y":[1,1]},"o":{"x":[0.333,0.333],"y":[0,0]},"t":58.092,"s":[100,100]},{"i":{"x":[0.667,0.667],"y":[1,1]},"o":{"x":[0.167,0.167],"y":[0,0]},"t":71,"s":[0,0]},{"i":{"x":[0.331,0.331],"y":[1,1]},"o":{"x":[0.666,0.666],"y":[0,0]},"t":78,"s":[0,0]},{"i":{"x":[0.331,0.331],"y":[1,1]},"o":{"x":[0.333,0.333],"y":[0,0]},"t":90.908,"s":[100,100]},{"i":{"x":[0.667,0.667],"y":[1,1]},"o":{"x":[0.333,0.333],"y":[0,0]},"t":136.092,"s":[100,100]},{"t":149,"s":[0,0]}],"ix":3},"r":{"a":0,"k":0,"ix":6},"o":{"a":0,"k":100,"ix":7},"sk":{"a":0,"k":0,"ix":4},"sa":{"a":0,"k":0,"ix":5},"nm":"Transform"}],"nm":"Group 3","np":3,"cix":2,"bm":0,"ix":3,"mn":"ADBE Vector Group","hd":false},{"ty":"gr","it":[{"ind":0,"ty":"sh","ix":1,"ks":{"a":0,"k":{"i":[[12.973,0],[0,0],[0,-12.974],[0,0],[-11.767,-1.276],[0,0],[0,0],[0,0],[0,12.974],[0,0]],"o":[[0,0],[-12.973,0],[0,0],[0,12.108],[0,0],[0,0],[0,0],[12.973,0],[0,0],[0,-12.974]],"v":[[40.268,-42.834],[-40.268,-42.834],[-63.757,-19.342],[-63.757,-5.564],[-42.829,17.787],[-57.046,42.834],[-27.013,17.928],[40.268,17.928],[63.758,-5.564],[63.758,-19.342]],"c":true},"ix":2},"nm":"Path 1","mn":"ADBE Vector Shape - Group","hd":false},{"ty":"st","c":{"a":0,"k":[0.102000000898,0.102000000898,0.102000000898,1],"ix":3},"o":{"a":0,"k":100,"ix":4},"w":{"a":0,"k":2,"ix":5},"lc":2,"lj":2,"bm":0,"nm":"Stroke 1","mn":"ADBE Vector Graphic - Stroke","hd":false},{"ty":"fl","c":{"a":0,"k":[1,1,1,1],"ix":4},"o":{"a":0,"k":100,"ix":5},"r":1,"bm":0,"nm":"Fill 1","mn":"ADBE Vector Graphic - Fill","hd":false},{"ty":"tr","p":{"a":0,"k":[1076.585,248.19],"ix":2},"a":{"a":0,"k":[0,0],"ix":1},"s":{"a":0,"k":[100,100],"ix":3},"r":{"a":0,"k":0,"ix":6},"o":{"a":0,"k":100,"ix":7},"sk":{"a":0,"k":0,"ix":4},"sa":{"a":0,"k":0,"ix":5},"nm":"Transform"}],"nm":"Group 4","np":3,"cix":2,"bm":0,"ix":4,"mn":"ADBE Vector Group","hd":false}],"ip":0,"op":150,"st":0,"bm":0},{"ddd":0,"ind":3,"ty":4,"nm":"Chart","sr":1,"ks":{"o":{"a":0,"k":100,"ix":11},"r":{"a":0,"k":0,"ix":10},"p":{"a":0,"k":[600,600,0],"ix":2},"a":{"a":0,"k":[960,540,0],"ix":1},"s":{"a":0,"k":[100,100,100],"ix":6}},"ao":0,"shapes":[{"ty":"gr","it":[{"ind":0,"ty":"sh","ix":1,"ks":{"a":0,"k":{"i":[[0,0],[-0.75,0]],"o":[[0,0],[0.75,0]],"v":[[1276,368.25],[1275.625,656.5]],"c":false},"ix":2},"nm":"Path 1","mn":"ADBE Vector Shape - Group","hd":false},{"ty":"st","c":{"a":0,"k":[0.101960791794,0.101960791794,0.101960791794,1],"ix":3,"x":"var $bm_rt;\n$bm_rt = thisComp.layer('Color Control').effect('Color 5')('Color');"},"o":{"a":0,"k":100,"ix":4},"w":{"a":0,"k":2,"ix":5},"lc":1,"lj":1,"ml":4,"bm":0,"d":[{"n":"d","nm":"dash","v":{"a":0,"k":10,"ix":1}},{"n":"o","nm":"offset","v":{"a":1,"k":[{"i":{"x":[0.833],"y":[0.833]},"o":{"x":[0.167],"y":[0.167]},"t":0,"s":[0]},{"t":149,"s":[300]}],"ix":7}}],"nm":"Stroke 1","mn":"ADBE Vector Graphic - Stroke","hd":false},{"ty":"tr","p":{"a":0,"k":[1229,419.75],"ix":2},"a":{"a":0,"k":[1275.5,479.75],"ix":1},"s":{"a":0,"k":[100,100],"ix":3},"r":{"a":0,"k":90,"ix":6},"o":{"a":0,"k":100,"ix":7},"sk":{"a":0,"k":0,"ix":4},"sa":{"a":0,"k":0,"ix":5},"nm":"Transform"}],"nm":"Shape 3","np":2,"cix":2,"bm":0,"ix":1,"mn":"ADBE Vector Group","hd":false},{"ty":"gr","it":[{"ind":0,"ty":"sh","ix":1,"ks":{"a":0,"k":{"i":[[0.75,0],[0,0]],"o":[[-0.75,0],[0,0]],"v":[[1275.625,590.75],[1276,368.25]],"c":false},"ix":2},"nm":"Path 1","mn":"ADBE Vector Shape - Group","hd":false},{"ty":"st","c":{"a":0,"k":[0.101960791794,0.101960791794,0.101960791794,1],"ix":3,"x":"var $bm_rt;\n$bm_rt = thisComp.layer('Color Control').effect('Color 5')('Color');"},"o":{"a":0,"k":100,"ix":4},"w":{"a":0,"k":2,"ix":5},"lc":1,"lj":1,"ml":4,"bm":0,"d":[{"n":"d","nm":"dash","v":{"a":0,"k":10,"ix":1}},{"n":"o","nm":"offset","v":{"a":1,"k":[{"i":{"x":[0.833],"y":[0.833]},"o":{"x":[0.167],"y":[0.167]},"t":0,"s":[0]},{"t":149,"s":[201]}],"ix":7}}],"nm":"Stroke 1","mn":"ADBE Vector Graphic - Stroke","hd":false},{"ty":"tr","p":{"a":0,"k":[-0.5,0],"ix":2},"a":{"a":0,"k":[0,0],"ix":1},"s":{"a":0,"k":[100,100],"ix":3},"r":{"a":0,"k":0,"ix":6},"o":{"a":0,"k":100,"ix":7},"sk":{"a":0,"k":0,"ix":4},"sa":{"a":0,"k":0,"ix":5},"nm":"Transform"}],"nm":"Shape 2","np":2,"cix":2,"bm":0,"ix":2,"mn":"ADBE Vector Group","hd":false},{"ty":"gr","it":[{"ty":"gr","it":[{"ind":0,"ty":"sh","ix":1,"ks":{"a":0,"k":{"i":[[0,0],[0,0],[0,0],[0,0]],"o":[[0,0],[0,0],[0,0],[0,0]],"v":[[9.769,8.685],[-9.769,8.685],[-9.769,-8.685],[9.769,-8.685]],"c":true},"ix":2},"nm":"Path 1","mn":"ADBE Vector Shape - Group","hd":false},{"ty":"st","c":{"a":0,"k":[0.102000000898,0.102000000898,0.102000000898,1],"ix":3,"x":"var $bm_rt;\n$bm_rt = thisComp.layer('Color Control').effect('Color 5')('Color');"},"o":{"a":0,"k":100,"ix":4},"w":{"a":0,"k":2,"ix":5},"lc":2,"lj":2,"bm":0,"nm":"Stroke 1","mn":"ADBE Vector Graphic - Stroke","hd":false},{"ty":"fl","c":{"a":0,"k":[0.102000000898,0.102000000898,0.102000000898,1],"ix":4,"x":"var $bm_rt;\n$bm_rt = thisComp.layer('Color Control').effect('Color 5')('Color');"},"o":{"a":0,"k":100,"ix":5},"r":1,"bm":0,"nm":"Fill 1","mn":"ADBE Vector Graphic - Fill","hd":false},{"ty":"tr","p":{"a":0,"k":[1275.822,421.522],"ix":2},"a":{"a":0,"k":[0,0],"ix":1},"s":{"a":0,"k":[100,100],"ix":3},"r":{"a":0,"k":0,"ix":6},"o":{"a":0,"k":100,"ix":7},"sk":{"a":0,"k":0,"ix":4},"sa":{"a":0,"k":0,"ix":5},"nm":"Transform"}],"nm":"Group 1","np":3,"cix":2,"bm":0,"ix":1,"mn":"ADBE Vector Group","hd":false},{"ty":"gr","it":[{"ind":0,"ty":"sh","ix":1,"ks":{"a":0,"k":{"i":[[0,0],[-12.072,0],[0,0],[-5.662,9.735]],"o":[[5.662,9.735],[0,0],[12.072,0],[0,0]],"v":[[-139.402,-8.142],[-111.132,8.142],[111.131,8.142],[139.402,-8.142]],"c":true},"ix":2},"nm":"Path 1","mn":"ADBE Vector Shape - Group","hd":false},{"ty":"st","c":{"a":0,"k":[0.102000000898,0.102000000898,0.102000000898,1],"ix":3,"x":"var $bm_rt;\n$bm_rt = thisComp.layer('Color Control').effect('Color 5')('Color');"},"o":{"a":0,"k":100,"ix":4},"w":{"a":0,"k":1,"ix":5},"lc":2,"lj":2,"bm":0,"nm":"Stroke 1","mn":"ADBE Vector Graphic - Stroke","hd":false},{"ty":"fl","c":{"a":0,"k":[0.109999997008,0.011999999776,0.067000003889,1],"ix":4,"x":"var $bm_rt;\n$bm_rt = thisComp.layer('Color Control').effect('Color 2')('Color');"},"o":{"a":0,"k":100,"ix":5},"r":1,"bm":0,"nm":"Fill 1","mn":"ADBE Vector Graphic - Fill","hd":false},{"ty":"tr","p":{"a":0,"k":[1196.044,582.735],"ix":2},"a":{"a":0,"k":[0,0],"ix":1},"s":{"a":0,"k":[100,100],"ix":3},"r":{"a":0,"k":0,"ix":6},"o":{"a":0,"k":100,"ix":7},"sk":{"a":0,"k":0,"ix":4},"sa":{"a":0,"k":0,"ix":5},"nm":"Transform"}],"nm":"Group 10","np":3,"cix":2,"bm":0,"ix":2,"mn":"ADBE Vector Group","hd":false},{"ty":"gr","it":[{"ind":0,"ty":"sh","ix":1,"ks":{"a":0,"k":{"i":[[0,0],[0,0],[0,0]],"o":[[0,0],[0,0],[0,0]],"v":[[23.51,0],[-23.51,-27.15],[-23.51,27.15]],"c":true},"ix":2},"nm":"Path 1","mn":"ADBE Vector Shape - Group","hd":false},{"ty":"st","c":{"a":0,"k":[0.102000000898,0.102000000898,0.102000000898,1],"ix":3,"x":"var $bm_rt;\n$bm_rt = thisComp.layer('Color Control').effect('Color 5')('Color');"},"o":{"a":0,"k":100,"ix":4},"w":{"a":0,"k":1,"ix":5},"lc":2,"lj":2,"bm":0,"nm":"Stroke 1","mn":"ADBE Vector Graphic - Stroke","hd":false},{"ty":"fl","c":{"a":0,"k":[0.109999997008,0.011999999776,0.067000003889,1],"ix":4,"x":"var $bm_rt;\n$bm_rt = thisComp.layer('Color Control').effect('Color 2')('Color');"},"o":{"a":0,"k":100,"ix":5},"r":1,"bm":0,"nm":"Fill 1","mn":"ADBE Vector Graphic - Fill","hd":false},{"ty":"tr","p":{"a":0,"k":[1174.913,492.79],"ix":2},"a":{"a":0,"k":[0,0],"ix":1},"s":{"a":0,"k":[100,100],"ix":3},"r":{"a":0,"k":0,"ix":6},"o":{"a":0,"k":100,"ix":7},"sk":{"a":0,"k":0,"ix":4},"sa":{"a":0,"k":0,"ix":5},"nm":"Transform"}],"nm":"Group 8","np":3,"cix":2,"bm":0,"ix":3,"mn":"ADBE Vector Group","hd":false},{"ty":"gr","it":[{"ind":0,"ty":"sh","ix":1,"ks":{"a":0,"k":{"i":[[0,-29.486],[29.483,0],[0,29.486],[-29.483,0]],"o":[[0,29.486],[-29.483,0],[0,-29.486],[29.483,0]],"v":[[53.384,0],[0,53.39],[-53.384,0],[0,-53.39]],"c":true},"ix":2},"nm":"Path 1","mn":"ADBE Vector Shape - Group","hd":false},{"ty":"st","c":{"a":0,"k":[0.102000000898,0.102000000898,0.102000000898,1],"ix":3,"x":"var $bm_rt;\n$bm_rt = thisComp.layer('Color Control').effect('Color 5')('Color');"},"o":{"a":0,"k":100,"ix":4},"w":{"a":0,"k":2,"ix":5},"lc":2,"lj":2,"bm":0,"nm":"Stroke 1","mn":"ADBE Vector Graphic - Stroke","hd":false},{"ty":"fl","c":{"a":0,"k":[1,1,1,1],"ix":4,"x":"var $bm_rt;\n$bm_rt = thisComp.layer('Color Control').effect('Color 3')('Color');"},"o":{"a":0,"k":100,"ix":5},"r":1,"bm":0,"nm":"Fill 1","mn":"ADBE Vector Graphic - Fill","hd":false},{"ty":"tr","p":{"a":0,"k":[1168.943,492.79],"ix":2},"a":{"a":0,"k":[0,0],"ix":1},"s":{"a":0,"k":[100,100],"ix":3},"r":{"a":0,"k":0,"ix":6},"o":{"a":0,"k":100,"ix":7},"sk":{"a":0,"k":0,"ix":4},"sa":{"a":0,"k":0,"ix":5},"nm":"Transform"}],"nm":"Group 9","np":3,"cix":2,"bm":0,"ix":4,"mn":"ADBE Vector Group","hd":false},{"ty":"gr","it":[{"ind":0,"ty":"sh","ix":1,"ks":{"a":0,"k":{"i":[[0,0],[0,-2.704],[0,0],[-2.806,-4.824],[0,0],[0,5.983],[0,0],[0.621,2.512]],"o":[[-0.62,2.512],[0,0],[0,5.983],[0,0],[2.805,-4.824],[0,0],[0,-2.704],[0,0]],"v":[[-142.866,-91.065],[-143.822,-83.224],[-143.822,74.655],[-139.401,91.065],[139.402,91.065],[143.822,74.655],[143.822,-83.224],[142.866,-91.065]],"c":true},"ix":2},"nm":"Path 1","mn":"ADBE Vector Shape - Group","hd":false},{"ty":"st","c":{"a":0,"k":[0.102000000898,0.102000000898,0.102000000898,1],"ix":3,"x":"var $bm_rt;\n$bm_rt = thisComp.layer('Color Control').effect('Color 5')('Color');"},"o":{"a":0,"k":100,"ix":4},"w":{"a":0,"k":2,"ix":5},"lc":2,"lj":2,"bm":0,"nm":"Stroke 1","mn":"ADBE Vector Graphic - Stroke","hd":false},{"ty":"fl","c":{"a":0,"k":[1,1,1,1],"ix":4,"x":"var $bm_rt;\n$bm_rt = thisComp.layer('Color Control').effect('Color 3')('Color');"},"o":{"a":0,"k":100,"ix":5},"r":1,"bm":0,"nm":"Fill 1","mn":"ADBE Vector Graphic - Fill","hd":false},{"ty":"tr","p":{"a":0,"k":[1196.043,483.528],"ix":2},"a":{"a":0,"k":[0,0],"ix":1},"s":{"a":0,"k":[100,100],"ix":3},"r":{"a":0,"k":0,"ix":6},"o":{"a":0,"k":100,"ix":7},"sk":{"a":0,"k":0,"ix":4},"sa":{"a":0,"k":0,"ix":5},"nm":"Transform"}],"nm":"Group 11","np":3,"cix":2,"bm":0,"ix":5,"mn":"ADBE Vector Group","hd":false},{"ty":"gr","it":[{"ind":0,"ty":"sh","ix":1,"ks":{"a":0,"k":{"i":[[2.868,3.613],[0,0],[1.139,-4.618],[0,0]],"o":[[0,0],[-2.868,3.613],[0,0],[-1.141,-4.618]],"v":[[136.741,-6.233],[-136.743,-6.233],[-142.867,6.233],[142.866,6.233]],"c":true},"ix":2},"nm":"Path 1","mn":"ADBE Vector Shape - Group","hd":false},{"ty":"st","c":{"a":0,"k":[0.102000000898,0.102000000898,0.102000000898,1],"ix":3,"x":"var $bm_rt;\n$bm_rt = thisComp.layer('Color Control').effect('Color 5')('Color');"},"o":{"a":0,"k":100,"ix":4},"w":{"a":0,"k":1,"ix":5},"lc":2,"lj":2,"bm":0,"nm":"Stroke 1","mn":"ADBE Vector Graphic - Stroke","hd":false},{"ty":"fl","c":{"a":0,"k":[0.109999997008,0.011999999776,0.067000003889,1],"ix":4,"x":"var $bm_rt;\n$bm_rt = thisComp.layer('Color Control').effect('Color 2')('Color');"},"o":{"a":0,"k":100,"ix":5},"r":1,"bm":0,"nm":"Fill 1","mn":"ADBE Vector Graphic - Fill","hd":false},{"ty":"tr","p":{"a":0,"k":[1196.044,386.23],"ix":2},"a":{"a":0,"k":[0,0],"ix":1},"s":{"a":0,"k":[100,100],"ix":3},"r":{"a":0,"k":0,"ix":6},"o":{"a":0,"k":100,"ix":7},"sk":{"a":0,"k":0,"ix":4},"sa":{"a":0,"k":0,"ix":5},"nm":"Transform"}],"nm":"Group 12","np":3,"cix":2,"bm":0,"ix":6,"mn":"ADBE Vector Group","hd":false},{"ty":"gr","it":[{"ind":0,"ty":"sh","ix":1,"ks":{"a":0,"k":{"i":[[10.38,0],[0,0],[5.988,-7.544],[0,0]],"o":[[0,0],[-10.379,0],[0,0],[-5.988,-7.544]],"v":[[111.132,-6.194],[-111.132,-6.194],[-136.742,6.194],[136.742,6.194]],"c":true},"ix":2},"nm":"Path 1","mn":"ADBE Vector Shape - Group","hd":false},{"ty":"st","c":{"a":0,"k":[0.102000000898,0.102000000898,0.102000000898,1],"ix":3,"x":"var $bm_rt;\n$bm_rt = thisComp.layer('Color Control').effect('Color 5')('Color');"},"o":{"a":0,"k":100,"ix":4},"w":{"a":0,"k":1,"ix":5},"lc":2,"lj":2,"bm":0,"nm":"Stroke 1","mn":"ADBE Vector Graphic - Stroke","hd":false},{"ty":"fl","c":{"a":0,"k":[0.109999997008,0.011999999776,0.067000003889,1],"ix":4,"x":"var $bm_rt;\n$bm_rt = thisComp.layer('Color Control').effect('Color 2')('Color');"},"o":{"a":0,"k":100,"ix":5},"r":1,"bm":0,"nm":"Fill 1","mn":"ADBE Vector Graphic - Fill","hd":false},{"ty":"tr","p":{"a":0,"k":[1196.043,373.804],"ix":2},"a":{"a":0,"k":[0,0],"ix":1},"s":{"a":0,"k":[100,100],"ix":3},"r":{"a":0,"k":0,"ix":6},"o":{"a":0,"k":100,"ix":7},"sk":{"a":0,"k":0,"ix":4},"sa":{"a":0,"k":0,"ix":5},"nm":"Transform"}],"nm":"Group 13","np":3,"cix":2,"bm":0,"ix":7,"mn":"ADBE Vector Group","hd":false},{"ty":"tr","p":{"a":0,"k":[1196.043,479.244],"ix":2},"a":{"a":0,"k":[1196.043,479.244],"ix":1},"s":{"a":0,"k":[100,100],"ix":3},"r":{"a":0,"k":0,"ix":6},"o":{"a":0,"k":100,"ix":7},"sk":{"a":0,"k":0,"ix":4},"sa":{"a":0,"k":0,"ix":5},"nm":"Transform"}],"nm":"Group 10","np":7,"cix":2,"bm":0,"ix":3,"mn":"ADBE Vector Group","hd":false}],"ip":0,"op":150,"st":0,"bm":0},{"ddd":0,"ind":4,"ty":4,"nm":"Head","parent":6,"sr":1,"ks":{"o":{"a":0,"k":100,"ix":11},"r":{"a":1,"k":[{"i":{"x":[0.667],"y":[1]},"o":{"x":[0.333],"y":[0]},"t":0,"s":[10]},{"i":{"x":[0.667],"y":[1]},"o":{"x":[0.333],"y":[0]},"t":30,"s":[0]},{"i":{"x":[0.667],"y":[1]},"o":{"x":[0.333],"y":[0]},"t":60,"s":[12]},{"i":{"x":[0.667],"y":[1]},"o":{"x":[0.333],"y":[0]},"t":90,"s":[0]},{"i":{"x":[0.667],"y":[1]},"o":{"x":[0.333],"y":[0]},"t":120,"s":[12]},{"t":149,"s":[10]}],"ix":10},"p":{"a":0,"k":[929.633,370.579,0],"ix":2},"a":{"a":0,"k":[929.633,370.579,0],"ix":1},"s":{"a":0,"k":[100,100,100],"ix":6}},"ao":0,"shapes":[{"ty":"gr","it":[{"ind":0,"ty":"sh","ix":1,"ks":{"a":0,"k":{"i":[[0.068,0.882],[0,0],[0,0]],"o":[[0,0],[0,0],[0,0]],"v":[[3.226,-5.225],[-3.294,-0.178],[-2.474,5.225]],"c":true},"ix":2},"nm":"Path 1","mn":"ADBE Vector Shape - Group","hd":false},{"ty":"st","c":{"a":0,"k":[0.102000000898,0.102000000898,0.102000000898,1],"ix":3,"x":"var $bm_rt;\n$bm_rt = thisComp.layer('Color Control').effect('Color 5')('Color');"},"o":{"a":0,"k":100,"ix":4},"w":{"a":0,"k":1,"ix":5},"lc":2,"lj":2,"bm":0,"nm":"Stroke 1","mn":"ADBE Vector Graphic - Stroke","hd":false},{"ty":"fl","c":{"a":0,"k":[0.109999997008,0.011999999776,0.067000003889,1],"ix":4,"x":"var $bm_rt;\n$bm_rt = thisComp.layer('Color Control').effect('Color 2')('Color');"},"o":{"a":0,"k":100,"ix":5},"r":1,"bm":0,"nm":"Fill 1","mn":"ADBE Vector Graphic - Fill","hd":false},{"ty":"tr","p":{"a":0,"k":[916.809,326.241],"ix":2},"a":{"a":0,"k":[0,0],"ix":1},"s":{"a":0,"k":[100,100],"ix":3},"r":{"a":0,"k":0,"ix":6},"o":{"a":0,"k":100,"ix":7},"sk":{"a":0,"k":0,"ix":4},"sa":{"a":0,"k":0,"ix":5},"nm":"Transform"}],"nm":"Group 1","np":3,"cix":2,"bm":0,"ix":1,"mn":"ADBE Vector Group","hd":false},{"ty":"gr","it":[{"ind":0,"ty":"sh","ix":1,"ks":{"a":1,"k":[{"i":{"x":0.667,"y":1},"o":{"x":0.333,"y":0},"t":0,"s":[{"i":[[0,0],[-4.885,15.47],[4.884,16.893],[-21.011,-4.492],[-22.424,-0.815],[-38.67,-10.178],[13.394,-8.527],[0,0],[1.628,17.185],[0,-10.178],[0,0],[-2.174,-10.799],[-8.906,-10.371],[-6.106,2.578],[0,0],[4.505,-4.5]],"o":[[0,0],[4.885,-15.469],[-4.885,-16.893],[3.507,-13.013],[22.424,0.814],[38.671,10.177],[-11.158,-13.149],[0,0],[8.548,-15.557],[-15.775,1.036],[0,0],[1.557,7.733],[8.021,4.963],[0.721,5.523],[0,0],[-4.505,4.5]],"v":[[-38.8,71.365],[-45.794,45.253],[-65.332,-7.058],[-51.649,-45.924],[-12.379,-63.85],[33.989,-16.219],[48.011,46.251],[13.735,39.584],[-3.867,2.828],[-14.043,-9.298],[-47.015,-23.954],[-54.885,-9.434],[-40.179,17.493],[-20.963,20.149],[-18.338,43.693],[-27.51,48.394]],"c":true}]},{"i":{"x":0.667,"y":1},"o":{"x":0.333,"y":0},"t":30,"s":[{"i":[[0,0],[-4.885,15.47],[4.884,16.893],[-21.011,-4.492],[-22.424,-0.815],[-38.67,-10.178],[13.394,-8.527],[0,0],[1.628,17.185],[0,-10.178],[0,0],[-2.174,-10.799],[-8.906,-10.371],[-6.106,2.578],[0,0],[4.505,-4.5]],"o":[[0,0],[4.885,-15.469],[-4.885,-16.893],[3.507,-13.013],[22.424,0.814],[38.671,10.177],[-12.581,-7.147],[0,0],[8.548,-15.557],[-15.775,1.036],[0,0],[1.557,7.733],[8.021,4.963],[0.721,5.523],[0,0],[-4.505,4.5]],"v":[[-41.652,67.665],[-45.794,45.253],[-65.332,-7.058],[-51.649,-45.924],[-12.379,-63.85],[33.989,-16.219],[44.917,49.811],[13.636,43.536],[-3.867,2.828],[-14.043,-9.298],[-47.015,-23.954],[-54.885,-9.434],[-40.179,17.493],[-20.963,20.149],[-18.588,41.693],[-27.51,46.894]],"c":true}]},{"i":{"x":0.667,"y":1},"o":{"x":0.333,"y":0},"t":60,"s":[{"i":[[0,0],[-4.885,15.47],[4.884,16.893],[-21.011,-4.492],[-22.424,-0.815],[-38.67,-10.178],[13.394,-8.527],[0,0],[1.628,17.185],[0,-10.178],[0,0],[-2.174,-10.799],[-8.906,-10.371],[-6.106,2.578],[0,0],[4.505,-4.5]],"o":[[0,0],[4.885,-15.469],[-4.885,-16.893],[3.507,-13.013],[22.424,0.814],[38.671,10.177],[-11.158,-13.149],[0,0],[8.548,-15.557],[-15.775,1.036],[0,0],[1.557,7.733],[8.021,4.963],[0.721,5.523],[0,0],[-4.505,4.5]],"v":[[-38.8,71.365],[-45.794,45.253],[-65.332,-7.058],[-51.649,-45.924],[-12.379,-63.85],[33.989,-16.219],[48.011,46.251],[13.735,39.584],[-3.867,2.828],[-14.043,-9.298],[-47.015,-23.954],[-54.885,-9.434],[-40.179,17.493],[-20.963,20.149],[-18.338,43.693],[-27.51,48.394]],"c":true}]},{"i":{"x":0.667,"y":1},"o":{"x":0.333,"y":0},"t":90,"s":[{"i":[[0,0],[-4.885,15.47],[4.884,16.893],[-21.011,-4.492],[-22.424,-0.815],[-38.67,-10.178],[13.394,-8.527],[0,0],[1.628,17.185],[0,-10.178],[0,0],[-2.174,-10.799],[-8.906,-10.371],[-6.106,2.578],[0,0],[4.505,-4.5]],"o":[[0,0],[4.885,-15.469],[-4.885,-16.893],[3.507,-13.013],[22.424,0.814],[38.671,10.177],[-12.581,-7.147],[0,0],[8.548,-15.557],[-15.775,1.036],[0,0],[1.557,7.733],[8.021,4.963],[0.721,5.523],[0,0],[-4.505,4.5]],"v":[[-41.652,67.665],[-45.794,45.253],[-65.332,-7.058],[-51.649,-45.924],[-12.379,-63.85],[33.989,-16.219],[44.917,49.811],[13.636,43.536],[-3.867,2.828],[-14.043,-9.298],[-47.015,-23.954],[-54.885,-9.434],[-40.179,17.493],[-20.963,20.149],[-18.588,41.693],[-27.51,46.894]],"c":true}]},{"i":{"x":0.667,"y":1},"o":{"x":0.333,"y":0},"t":120,"s":[{"i":[[0,0],[-4.885,15.47],[4.884,16.893],[-21.011,-4.492],[-22.424,-0.815],[-38.67,-10.178],[13.394,-8.527],[0,0],[1.628,17.185],[0,-10.178],[0,0],[-2.174,-10.799],[-8.906,-10.371],[-6.106,2.578],[0,0],[4.505,-4.5]],"o":[[0,0],[4.885,-15.469],[-4.885,-16.893],[3.507,-13.013],[22.424,0.814],[38.671,10.177],[-11.158,-13.149],[0,0],[8.548,-15.557],[-15.775,1.036],[0,0],[1.557,7.733],[8.021,4.963],[0.721,5.523],[0,0],[-4.505,4.5]],"v":[[-38.8,71.365],[-45.794,45.253],[-65.332,-7.058],[-51.649,-45.924],[-12.379,-63.85],[33.989,-16.219],[48.011,46.251],[13.735,39.584],[-3.867,2.828],[-14.043,-9.298],[-47.015,-23.954],[-54.885,-9.434],[-40.179,17.493],[-20.963,20.149],[-18.338,43.693],[-27.51,48.394]],"c":true}]},{"t":149,"s":[{"i":[[0,0],[-4.885,15.47],[4.884,16.893],[-21.011,-4.492],[-22.424,-0.815],[-38.67,-10.178],[13.394,-8.527],[0,0],[1.628,17.185],[0,-10.178],[0,0],[-2.174,-10.799],[-8.906,-10.371],[-6.106,2.578],[0,0],[4.505,-4.5]],"o":[[0,0],[4.885,-15.469],[-4.885,-16.893],[3.507,-13.013],[22.424,0.814],[38.671,10.177],[-11.158,-13.149],[0,0],[8.548,-15.557],[-15.775,1.036],[0,0],[1.557,7.733],[8.021,4.963],[0.721,5.523],[0,0],[-4.505,4.5]],"v":[[-38.8,71.365],[-45.794,45.253],[-65.332,-7.058],[-51.649,-45.924],[-12.379,-63.85],[33.989,-16.219],[48.011,46.251],[13.735,39.584],[-3.867,2.828],[-14.043,-9.298],[-47.015,-23.954],[-54.885,-9.434],[-40.179,17.493],[-20.963,20.149],[-18.338,43.693],[-27.51,48.394]],"c":true}]}],"ix":2},"nm":"Path 1","mn":"ADBE Vector Shape - Group","hd":false},{"ty":"st","c":{"a":0,"k":[0.102000000898,0.102000000898,0.102000000898,1],"ix":3,"x":"var $bm_rt;\n$bm_rt = thisComp.layer('Color Control').effect('Color 5')('Color');"},"o":{"a":0,"k":100,"ix":4},"w":{"a":0,"k":1,"ix":5},"lc":2,"lj":2,"bm":0,"nm":"Stroke 1","mn":"ADBE Vector Graphic - Stroke","hd":false},{"ty":"fl","c":{"a":0,"k":[0.109999997008,0.011999999776,0.067000003889,1],"ix":4,"x":"var $bm_rt;\n$bm_rt = thisComp.layer('Color Control').effect('Color 2')('Color');"},"o":{"a":0,"k":100,"ix":5},"r":1,"bm":0,"nm":"Fill 1","mn":"ADBE Vector Graphic - Fill","hd":false},{"ty":"tr","p":{"a":0,"k":[934.479,305.914],"ix":2},"a":{"a":0,"k":[0,0],"ix":1},"s":{"a":0,"k":[100,100],"ix":3},"r":{"a":0,"k":0,"ix":6},"o":{"a":0,"k":100,"ix":7},"sk":{"a":0,"k":0,"ix":4},"sa":{"a":0,"k":0,"ix":5},"nm":"Transform"}],"nm":"Group 2","np":3,"cix":2,"bm":0,"ix":2,"mn":"ADBE Vector Group","hd":false},{"ty":"gr","it":[{"ind":0,"ty":"sh","ix":1,"ks":{"a":0,"k":{"i":[[-32.836,12.484],[-0.272,-10.313],[-0.807,3.554],[0,0],[44.505,-5.157]],"o":[[0,0],[15.739,10.314],[-5.427,-12.756],[0,0],[-44.505,5.156]],"v":[[12.348,16.42],[15.875,50.616],[48.169,42.746],[36.227,10.449],[-3.664,-55.773]],"c":true},"ix":2},"nm":"Path 1","mn":"ADBE Vector Shape - Group","hd":false},{"ty":"st","c":{"a":0,"k":[0.102000000898,0.102000000898,0.102000000898,1],"ix":3,"x":"var $bm_rt;\n$bm_rt = thisComp.layer('Color Control').effect('Color 5')('Color');"},"o":{"a":0,"k":100,"ix":4},"w":{"a":0,"k":2,"ix":5},"lc":2,"lj":2,"bm":0,"nm":"Stroke 1","mn":"ADBE Vector Graphic - Stroke","hd":false},{"ty":"fl","c":{"a":0,"k":[1,1,1,1],"ix":4,"x":"var $bm_rt;\n$bm_rt = thisComp.layer('Color Control').effect('Color 3')('Color');"},"o":{"a":0,"k":100,"ix":5},"r":1,"bm":0,"nm":"Fill 1","mn":"ADBE Vector Graphic - Fill","hd":false},{"ty":"tr","p":{"a":0,"k":[901.168,309.643],"ix":2},"a":{"a":0,"k":[0,0],"ix":1},"s":{"a":0,"k":[100,100],"ix":3},"r":{"a":0,"k":0,"ix":6},"o":{"a":0,"k":100,"ix":7},"sk":{"a":0,"k":0,"ix":4},"sa":{"a":0,"k":0,"ix":5},"nm":"Transform"}],"nm":"Group 3","np":3,"cix":2,"bm":0,"ix":3,"mn":"ADBE Vector Group","hd":false}],"ip":0,"op":150,"st":0,"bm":0},{"ddd":0,"ind":5,"ty":4,"nm":"Arm","parent":6,"sr":1,"ks":{"o":{"a":0,"k":100,"ix":11},"r":{"a":0,"k":0,"ix":10},"p":{"a":0,"k":[960,540,0],"ix":2},"a":{"a":0,"k":[960,540,0],"ix":1},"s":{"a":0,"k":[100,100,100],"ix":6}},"ao":0,"shapes":[{"ty":"gr","it":[{"ind":0,"ty":"sh","ix":1,"ks":{"a":0,"k":{"i":[[0,0],[5.902,-88.748],[0,0],[11.972,13.761],[0,0]],"o":[[0,0],[-6.22,93.517],[0,0],[-6.753,-31.922],[0,0]],"v":[[-26.255,-135.668],[20.353,-57.038],[20.537,144.884],[-0.574,132.025],[-20.149,-84.721]],"c":false},"ix":2},"nm":"Path 1","mn":"ADBE Vector Shape - Group","hd":false},{"ty":"st","c":{"a":0,"k":[0.102000000898,0.102000000898,0.102000000898,1],"ix":3,"x":"var $bm_rt;\n$bm_rt = thisComp.layer('Color Control').effect('Color 5')('Color');"},"o":{"a":0,"k":100,"ix":4},"w":{"a":0,"k":2,"ix":5},"lc":2,"lj":2,"bm":0,"nm":"Stroke 1","mn":"ADBE Vector Graphic - Stroke","hd":false},{"ty":"fl","c":{"a":0,"k":[1,1,1,1],"ix":4,"x":"var $bm_rt;\n$bm_rt = thisComp.layer('Color Control').effect('Color 3')('Color');"},"o":{"a":0,"k":100,"ix":5},"r":1,"bm":0,"nm":"Fill 1","mn":"ADBE Vector Graphic - Fill","hd":false},{"ty":"tr","p":{"a":0,"k":[979.459,485.147],"ix":2},"a":{"a":0,"k":[0,0],"ix":1},"s":{"a":0,"k":[100,100],"ix":3},"r":{"a":0,"k":0,"ix":6},"o":{"a":0,"k":100,"ix":7},"sk":{"a":0,"k":0,"ix":4},"sa":{"a":0,"k":0,"ix":5},"nm":"Transform"}],"nm":"Group 1","np":3,"cix":2,"bm":0,"ix":1,"mn":"ADBE Vector Group","hd":false},{"ty":"gr","it":[{"ind":0,"ty":"sh","ix":1,"ks":{"a":0,"k":{"i":[[0,0],[-9.226,-4.197],[-1.416,9.474],[0,0]],"o":[[0,0],[9.227,4.198],[1.415,-9.474],[0,0]],"v":[[1.524,-20.071],[-14.487,13.999],[22.298,10.598],[16.721,-13.99]],"c":true},"ix":2},"nm":"Path 1","mn":"ADBE Vector Shape - Group","hd":false},{"ty":"st","c":{"a":0,"k":[0.102000000898,0.102000000898,0.102000000898,1],"ix":3,"x":"var $bm_rt;\n$bm_rt = thisComp.layer('Color Control').effect('Color 5')('Color');"},"o":{"a":0,"k":100,"ix":4},"w":{"a":0,"k":2,"ix":5},"lc":2,"lj":2,"bm":0,"nm":"Stroke 1","mn":"ADBE Vector Graphic - Stroke","hd":false},{"ty":"fl","c":{"a":0,"k":[1,1,1,1],"ix":4,"x":"var $bm_rt;\n$bm_rt = thisComp.layer('Color Control').effect('Color 3')('Color');"},"o":{"a":0,"k":100,"ix":5},"r":1,"bm":0,"nm":"Fill 1","mn":"ADBE Vector Graphic - Fill","hd":false},{"ty":"tr","p":{"a":0,"k":[979.02,637.619],"ix":2},"a":{"a":0,"k":[0,0],"ix":1},"s":{"a":0,"k":[100,100],"ix":3},"r":{"a":0,"k":0,"ix":6},"o":{"a":0,"k":100,"ix":7},"sk":{"a":0,"k":0,"ix":4},"sa":{"a":0,"k":0,"ix":5},"nm":"Transform"}],"nm":"Group 2","np":3,"cix":2,"bm":0,"ix":2,"mn":"ADBE Vector Group","hd":false}],"ip":0,"op":150,"st":-129,"bm":0},{"ddd":0,"ind":6,"ty":4,"nm":"Boy","sr":1,"ks":{"o":{"a":0,"k":100,"ix":11},"r":{"a":1,"k":[{"i":{"x":[0.667],"y":[1]},"o":{"x":[0.333],"y":[0]},"t":0,"s":[7]},{"i":{"x":[0.667],"y":[1]},"o":{"x":[0.167],"y":[0]},"t":30,"s":[0]},{"i":{"x":[0.667],"y":[1]},"o":{"x":[0.167],"y":[0]},"t":121,"s":[0]},{"t":149,"s":[7]}],"ix":10},"p":{"a":0,"k":[585.554,612.274,0],"ix":2},"a":{"a":0,"k":[945.554,552.274,0],"ix":1},"s":{"a":0,"k":[100,100,100],"ix":6}},"ao":0,"shapes":[{"ty":"gr","it":[{"ind":0,"ty":"sh","ix":1,"ks":{"a":0,"k":{"i":[[0,0],[-1.628,-6.31]],"o":[[0,0],[0,0]],"v":[[0.373,-11.908],[0.814,11.908]],"c":false},"ix":2},"nm":"Path 1","mn":"ADBE Vector Shape - Group","hd":false},{"ty":"st","c":{"a":0,"k":[0.102000000898,0.102000000898,0.102000000898,1],"ix":3,"x":"var $bm_rt;\n$bm_rt = thisComp.layer('Color Control').effect('Color 5')('Color');"},"o":{"a":0,"k":100,"ix":4},"w":{"a":0,"k":2,"ix":5},"lc":2,"lj":2,"bm":0,"nm":"Stroke 1","mn":"ADBE Vector Graphic - Stroke","hd":false},{"ty":"tr","p":{"a":0,"k":[927.361,502.889],"ix":2},"a":{"a":0,"k":[0,0],"ix":1},"s":{"a":0,"k":[100,100],"ix":3},"r":{"a":0,"k":0,"ix":6},"o":{"a":0,"k":100,"ix":7},"sk":{"a":0,"k":0,"ix":4},"sa":{"a":0,"k":0,"ix":5},"nm":"Transform"}],"nm":"Group 1","np":2,"cix":2,"bm":0,"ix":1,"mn":"ADBE Vector Group","hd":false},{"ty":"gr","it":[{"ind":0,"ty":"sh","ix":1,"ks":{"a":0,"k":{"i":[[0,0],[-0.102,-4.784]],"o":[[0,0],[0,0]],"v":[[-0.22,-7.99],[0.221,7.99]],"c":false},"ix":2},"nm":"Path 1","mn":"ADBE Vector Shape - Group","hd":false},{"ty":"st","c":{"a":0,"k":[0.102000000898,0.102000000898,0.102000000898,1],"ix":3,"x":"var $bm_rt;\n$bm_rt = thisComp.layer('Color Control').effect('Color 5')('Color');"},"o":{"a":0,"k":100,"ix":4},"w":{"a":0,"k":2,"ix":5},"lc":2,"lj":2,"bm":0,"nm":"Stroke 1","mn":"ADBE Vector Graphic - Stroke","hd":false},{"ty":"tr","p":{"a":0,"k":[927.955,459.075],"ix":2},"a":{"a":0,"k":[0,0],"ix":1},"s":{"a":0,"k":[100,100],"ix":3},"r":{"a":0,"k":0,"ix":6},"o":{"a":0,"k":100,"ix":7},"sk":{"a":0,"k":0,"ix":4},"sa":{"a":0,"k":0,"ix":5},"nm":"Transform"}],"nm":"Group 2","np":2,"cix":2,"bm":0,"ix":2,"mn":"ADBE Vector Group","hd":false},{"ty":"gr","it":[{"ind":0,"ty":"sh","ix":1,"ks":{"a":0,"k":{"i":[[0,-2.267],[2.266,0],[0,2.267],[-2.268,0]],"o":[[0,2.267],[-2.268,0],[0,-2.267],[2.266,0]],"v":[[4.105,0],[0.001,4.105],[-4.104,0],[0.001,-4.105]],"c":true},"ix":2},"nm":"Path 1","mn":"ADBE Vector Shape - Group","hd":false},{"ty":"st","c":{"a":0,"k":[0.102000000898,0.102000000898,0.102000000898,1],"ix":3,"x":"var $bm_rt;\n$bm_rt = thisComp.layer('Color Control').effect('Color 5')('Color');"},"o":{"a":0,"k":100,"ix":4},"w":{"a":0,"k":2,"ix":5},"lc":2,"lj":2,"bm":0,"nm":"Stroke 1","mn":"ADBE Vector Graphic - Stroke","hd":false},{"ty":"fl","c":{"a":0,"k":[1,1,1,1],"ix":4,"x":"var $bm_rt;\n$bm_rt = thisComp.layer('Color Control').effect('Color 3')('Color');"},"o":{"a":0,"k":100,"ix":5},"r":1,"bm":0,"nm":"Fill 1","mn":"ADBE Vector Graphic - Fill","hd":false},{"ty":"tr","p":{"a":0,"k":[927.734,475.139],"ix":2},"a":{"a":0,"k":[0,0],"ix":1},"s":{"a":0,"k":[100,100],"ix":3},"r":{"a":0,"k":0,"ix":6},"o":{"a":0,"k":100,"ix":7},"sk":{"a":0,"k":0,"ix":4},"sa":{"a":0,"k":0,"ix":5},"nm":"Transform"}],"nm":"Group 3","np":3,"cix":2,"bm":0,"ix":3,"mn":"ADBE Vector Group","hd":false},{"ty":"gr","it":[{"ind":0,"ty":"sh","ix":1,"ks":{"a":0,"k":{"i":[[0,-1.624],[1.623,0],[0,1.624],[-1.623,0]],"o":[[0,1.624],[-1.623,0],[0,-1.624],[1.623,0]],"v":[[2.939,0],[0,2.939],[-2.939,0],[0,-2.939]],"c":true},"ix":2},"nm":"Path 1","mn":"ADBE Vector Shape - Group","hd":false},{"ty":"st","c":{"a":0,"k":[0.102000000898,0.102000000898,0.102000000898,1],"ix":3,"x":"var $bm_rt;\n$bm_rt = thisComp.layer('Color Control').effect('Color 5')('Color');"},"o":{"a":0,"k":100,"ix":4},"w":{"a":0,"k":2,"ix":5},"lc":2,"lj":2,"bm":0,"nm":"Stroke 1","mn":"ADBE Vector Graphic - Stroke","hd":false},{"ty":"fl","c":{"a":0,"k":[1,1,1,1],"ix":4,"x":"var $bm_rt;\n$bm_rt = thisComp.layer('Color Control').effect('Color 3')('Color');"},"o":{"a":0,"k":100,"ix":5},"r":1,"bm":0,"nm":"Fill 1","mn":"ADBE Vector Graphic - Fill","hd":false},{"ty":"tr","p":{"a":0,"k":[926.569,422.048],"ix":2},"a":{"a":0,"k":[0,0],"ix":1},"s":{"a":0,"k":[100,100],"ix":3},"r":{"a":0,"k":0,"ix":6},"o":{"a":0,"k":100,"ix":7},"sk":{"a":0,"k":0,"ix":4},"sa":{"a":0,"k":0,"ix":5},"nm":"Transform"}],"nm":"Group 4","np":3,"cix":2,"bm":0,"ix":4,"mn":"ADBE Vector Group","hd":false},{"ty":"gr","it":[{"ind":0,"ty":"sh","ix":1,"ks":{"a":0,"k":{"i":[[0,0],[-0.611,-7.124]],"o":[[0,0],[0,0]],"v":[[0.916,-20.355],[-0.305,20.355]],"c":false},"ix":2},"nm":"Path 1","mn":"ADBE Vector Shape - Group","hd":false},{"ty":"st","c":{"a":0,"k":[0.102000000898,0.102000000898,0.102000000898,1],"ix":3,"x":"var $bm_rt;\n$bm_rt = thisComp.layer('Color Control').effect('Color 5')('Color');"},"o":{"a":0,"k":100,"ix":4},"w":{"a":0,"k":2,"ix":5},"lc":2,"lj":2,"bm":0,"nm":"Stroke 1","mn":"ADBE Vector Graphic - Stroke","hd":false},{"ty":"fl","c":{"a":0,"k":[1,1,1,1],"ix":4,"x":"var $bm_rt;\n$bm_rt = thisComp.layer('Color Control').effect('Color 3')('Color');"},"o":{"a":0,"k":100,"ix":5},"r":1,"bm":0,"nm":"Fill 1","mn":"ADBE Vector Graphic - Fill","hd":false},{"ty":"tr","p":{"a":0,"k":[927.259,394.295],"ix":2},"a":{"a":0,"k":[0,0],"ix":1},"s":{"a":0,"k":[100,100],"ix":3},"r":{"a":0,"k":0,"ix":6},"o":{"a":0,"k":100,"ix":7},"sk":{"a":0,"k":0,"ix":4},"sa":{"a":0,"k":0,"ix":5},"nm":"Transform"}],"nm":"Group 5","np":3,"cix":2,"bm":0,"ix":5,"mn":"ADBE Vector Group","hd":false},{"ty":"gr","it":[{"ind":0,"ty":"sh","ix":1,"ks":{"a":0,"k":{"i":[[0,0],[-23.813,-73.889],[0,0],[39.688,1.222]],"o":[[0,0],[98.304,34.197],[0,0],[0,0]],"v":[[-23.609,-111.444],[-44.776,77.248],[68.589,44.273],[16.079,-110.223]],"c":true},"ix":2},"nm":"Path 1","mn":"ADBE Vector Shape - Group","hd":false},{"ty":"st","c":{"a":0,"k":[0.102000000898,0.102000000898,0.102000000898,1],"ix":3,"x":"var $bm_rt;\n$bm_rt = thisComp.layer('Color Control').effect('Color 5')('Color');"},"o":{"a":0,"k":100,"ix":4},"w":{"a":0,"k":2,"ix":5},"lc":2,"lj":2,"bm":0,"nm":"Stroke 1","mn":"ADBE Vector Graphic - Stroke","hd":false},{"ty":"fl","c":{"a":0,"k":[1,1,1,1],"ix":4,"x":"var $bm_rt;\n$bm_rt = thisComp.layer('Color Control').effect('Color 3')('Color');"},"o":{"a":0,"k":100,"ix":5},"r":1,"bm":0,"nm":"Fill 1","mn":"ADBE Vector Graphic - Fill","hd":false},{"ty":"tr","p":{"a":0,"k":[937.125,459.151],"ix":2},"a":{"a":0,"k":[0,0],"ix":1},"s":{"a":0,"k":[100,100],"ix":3},"r":{"a":0,"k":0,"ix":6},"o":{"a":0,"k":100,"ix":7},"sk":{"a":0,"k":0,"ix":4},"sa":{"a":0,"k":0,"ix":5},"nm":"Transform"}],"nm":"Group 6","np":3,"cix":2,"bm":0,"ix":6,"mn":"ADBE Vector Group","hd":false},{"ty":"gr","it":[{"ind":0,"ty":"sh","ix":1,"ks":{"a":0,"k":{"i":[[0,0],[-29.919,2.443],[0,0],[0,0]],"o":[[0,0],[29.919,-2.442],[0,0],[0,0]],"v":[[-56.506,4.401],[1.709,20.049],[56.506,-8.464],[50.611,-22.492]],"c":true},"ix":2},"nm":"Path 1","mn":"ADBE Vector Shape - Group","hd":false},{"ty":"st","c":{"a":0,"k":[0.102000000898,0.102000000898,0.102000000898,1],"ix":3,"x":"var $bm_rt;\n$bm_rt = thisComp.layer('Color Control').effect('Color 5')('Color');"},"o":{"a":0,"k":100,"ix":4},"w":{"a":0,"k":1,"ix":5},"lc":2,"lj":2,"bm":0,"nm":"Stroke 1","mn":"ADBE Vector Graphic - Stroke","hd":false},{"ty":"fl","c":{"a":0,"k":[0.109999997008,0.011999999776,0.067000003889,1],"ix":4,"x":"var $bm_rt;\n$bm_rt = thisComp.layer('Color Control').effect('Color 2')('Color');"},"o":{"a":0,"k":100,"ix":5},"r":1,"bm":0,"nm":"Fill 1","mn":"ADBE Vector Graphic - Fill","hd":false},{"ty":"tr","p":{"a":0,"k":[948.855,531.997],"ix":2},"a":{"a":0,"k":[0,0],"ix":1},"s":{"a":0,"k":[100,100],"ix":3},"r":{"a":0,"k":0,"ix":6},"o":{"a":0,"k":100,"ix":7},"sk":{"a":0,"k":0,"ix":4},"sa":{"a":0,"k":0,"ix":5},"nm":"Transform"}],"nm":"Group 7","np":3,"cix":2,"bm":0,"ix":7,"mn":"ADBE Vector Group","hd":false}],"ip":0,"op":150,"st":0,"bm":0},{"ddd":0,"ind":7,"ty":4,"nm":"leg1","sr":1,"ks":{"o":{"a":0,"k":100,"ix":11},"r":{"a":1,"k":[{"i":{"x":[0.667],"y":[1]},"o":{"x":[0.333],"y":[0]},"t":0,"s":[0]},{"i":{"x":[0.667],"y":[1]},"o":{"x":[0.333],"y":[0]},"t":30,"s":[-15]},{"i":{"x":[0.667],"y":[1]},"o":{"x":[0.333],"y":[0]},"t":120,"s":[-15]},{"t":149,"s":[0]}],"ix":10},"p":{"a":0,"k":[600,600,0],"ix":2},"a":{"a":0,"k":[960,540,0],"ix":1},"s":{"a":0,"k":[100,100,100],"ix":6}},"ao":0,"shapes":[{"ty":"gr","it":[{"ind":0,"ty":"sh","ix":1,"ks":{"a":0,"k":{"i":[[0,0],[-3.053,-6.896],[-3.054,4.477],[0,0]],"o":[[0,0],[3.053,6.895],[3.053,-4.479],[0,0]],"v":[[-8.243,3.945],[-2.544,-4.58],[3.766,6.998],[8.243,-4.58]],"c":false},"ix":2},"nm":"Path 1","mn":"ADBE Vector Shape - Group","hd":false},{"ty":"st","c":{"a":0,"k":[0.102000000898,0.102000000898,0.102000000898,1],"ix":3,"x":"var $bm_rt;\n$bm_rt = thisComp.layer('Color Control').effect('Color 5')('Color');"},"o":{"a":0,"k":100,"ix":4},"w":{"a":0,"k":3,"ix":5},"lc":2,"lj":2,"bm":0,"nm":"Stroke 1","mn":"ADBE Vector Graphic - Stroke","hd":false},{"ty":"tr","p":{"a":0,"k":[1007.709,616.634],"ix":2},"a":{"a":0,"k":[0,0],"ix":1},"s":{"a":0,"k":[100,100],"ix":3},"r":{"a":0,"k":0,"ix":6},"o":{"a":0,"k":100,"ix":7},"sk":{"a":0,"k":0,"ix":4},"sa":{"a":0,"k":0,"ix":5},"nm":"Transform"}],"nm":"Group 1","np":2,"cix":2,"bm":0,"ix":1,"mn":"ADBE Vector Group","hd":false},{"ty":"gr","it":[{"ind":0,"ty":"sh","ix":1,"ks":{"a":0,"k":{"i":[[10.842,-0.206],[0,0],[-30.35,2.563],[11.805,6.92]],"o":[[0,0],[0,0],[31.343,-2.645],[-11.805,-6.921]],"v":[[-33.888,-5.801],[-43.453,23.917],[2.341,21.067],[31.648,-16.996]],"c":true},"ix":2},"nm":"Path 1","mn":"ADBE Vector Shape - Group","hd":false},{"ty":"st","c":{"a":0,"k":[0.102000000898,0.102000000898,0.102000000898,1],"ix":3,"x":"var $bm_rt;\n$bm_rt = thisComp.layer('Color Control').effect('Color 5')('Color');"},"o":{"a":0,"k":100,"ix":4},"w":{"a":0,"k":2,"ix":5},"lc":2,"lj":2,"bm":0,"nm":"Stroke 1","mn":"ADBE Vector Graphic - Stroke","hd":false},{"ty":"fl","c":{"a":0,"k":[1,1,1,1],"ix":4,"x":"var $bm_rt;\n$bm_rt = thisComp.layer('Color Control').effect('Color 3')('Color');"},"o":{"a":0,"k":100,"ix":5},"r":1,"bm":0,"nm":"Fill 1","mn":"ADBE Vector Graphic - Fill","hd":false},{"ty":"tr","p":{"a":0,"k":[1004.798,617.311],"ix":2},"a":{"a":0,"k":[0,0],"ix":1},"s":{"a":0,"k":[100,100],"ix":3},"r":{"a":0,"k":0,"ix":6},"o":{"a":0,"k":100,"ix":7},"sk":{"a":0,"k":0,"ix":4},"sa":{"a":0,"k":0,"ix":5},"nm":"Transform"}],"nm":"Group 2","np":3,"cix":2,"bm":0,"ix":2,"mn":"ADBE Vector Group","hd":false},{"ty":"gr","it":[{"ind":0,"ty":"sh","ix":1,"ks":{"a":0,"k":{"i":[[0,0],[-9.159,-18.319],[0,0],[29.34,74.603]],"o":[[0,0],[-7.327,27.48],[0,0],[0,0]],"v":[[-49.862,-68.909],[99.204,36.921],[86.993,66.233],[-99.204,-31.98]],"c":false},"ix":2},"nm":"Path 1","mn":"ADBE Vector Shape - Group","hd":false},{"ty":"st","c":{"a":0,"k":[0,0,0,1],"ix":3,"x":"var $bm_rt;\n$bm_rt = thisComp.layer('Color Control').effect('Color 4')('Color');"},"o":{"a":0,"k":100,"ix":4},"w":{"a":0,"k":2,"ix":5},"lc":2,"lj":2,"bm":0,"nm":"Stroke 1","mn":"ADBE Vector Graphic - Stroke","hd":false},{"ty":"fl","c":{"a":0,"k":[1,0.505999995213,0.172999991623,1],"ix":4,"x":"var $bm_rt;\n$bm_rt = thisComp.layer('Color Control').effect('Color 1')('Color');"},"o":{"a":0,"k":100,"ix":5},"r":1,"bm":0,"nm":"Fill 1","mn":"ADBE Vector Graphic - Fill","hd":false},{"ty":"tr","p":{"a":0,"k":[863.769,572.145],"ix":2},"a":{"a":0,"k":[0,0],"ix":1},"s":{"a":0,"k":[100,100],"ix":3},"r":{"a":0,"k":0,"ix":6},"o":{"a":0,"k":100,"ix":7},"sk":{"a":0,"k":0,"ix":4},"sa":{"a":0,"k":0,"ix":5},"nm":"Transform"}],"nm":"Group 3","np":3,"cix":2,"bm":0,"ix":3,"mn":"ADBE Vector Group","hd":false},{"ty":"gr","it":[{"ind":0,"ty":"sh","ix":1,"ks":{"a":0,"k":{"i":[[0,0],[0,0],[0,0],[0,0]],"o":[[0,0],[0,0],[0,0],[0,0]],"v":[[-4.783,-14.656],[12.924,-9.973],[4.071,14.656],[-12.924,9.974]],"c":true},"ix":2},"nm":"Path 1","mn":"ADBE Vector Shape - Group","hd":false},{"ty":"st","c":{"a":0,"k":[0.102000000898,0.102000000898,0.102000000898,1],"ix":3,"x":"var $bm_rt;\n$bm_rt = thisComp.layer('Color Control').effect('Color 5')('Color');"},"o":{"a":0,"k":100,"ix":4},"w":{"a":0,"k":1,"ix":5},"lc":2,"lj":2,"bm":0,"nm":"Stroke 1","mn":"ADBE Vector Graphic - Stroke","hd":false},{"ty":"fl","c":{"a":0,"k":[0.109999997008,0.011999999776,0.067000003889,1],"ix":4,"x":"var $bm_rt;\n$bm_rt = thisComp.layer('Color Control').effect('Color 2')('Color');"},"o":{"a":0,"k":100,"ix":5},"r":1,"bm":0,"nm":"Fill 1","mn":"ADBE Vector Graphic - Fill","hd":false},{"ty":"tr","p":{"a":0,"k":[960.225,625.147],"ix":2},"a":{"a":0,"k":[0,0],"ix":1},"s":{"a":0,"k":[100,100],"ix":3},"r":{"a":0,"k":0,"ix":6},"o":{"a":0,"k":100,"ix":7},"sk":{"a":0,"k":0,"ix":4},"sa":{"a":0,"k":0,"ix":5},"nm":"Transform"}],"nm":"Group 4","np":3,"cix":2,"bm":0,"ix":4,"mn":"ADBE Vector Group","hd":false},{"ty":"gr","it":[{"ind":0,"ty":"sh","ix":1,"ks":{"a":1,"k":[{"i":{"x":0.667,"y":1},"o":{"x":0.333,"y":0},"t":0,"s":[{"i":[[0,0],[-27.68,35.826],[0,0],[0,0]],"o":[[-70.828,17.099],[27.68,-35.824],[0,0],[0,0]],"v":[[106.649,63.507],[-78.969,-44.783],[53.707,-28.052],[98.263,-47.382]],"c":false}]},{"i":{"x":0.667,"y":1},"o":{"x":0.333,"y":0},"t":30,"s":[{"i":[[0,0],[-27.68,35.826],[0,0],[0,0]],"o":[[-70.828,17.099],[27.68,-35.824],[0,0],[0,0]],"v":[[106.649,63.507],[-78.969,-44.783],[54.207,-37.052],[98.263,-47.382]],"c":false}]},{"i":{"x":0.667,"y":1},"o":{"x":0.333,"y":0},"t":120,"s":[{"i":[[0,0],[-27.68,35.826],[0,0],[0,0]],"o":[[-70.828,17.099],[27.68,-35.824],[0,0],[0,0]],"v":[[106.649,63.507],[-78.969,-44.783],[54.207,-37.052],[98.263,-47.382]],"c":false}]},{"t":149,"s":[{"i":[[0,0],[-27.68,35.826],[0,0],[0,0]],"o":[[-70.828,17.099],[27.68,-35.824],[0,0],[0,0]],"v":[[106.649,63.507],[-78.969,-44.783],[53.707,-28.052],[98.263,-47.382]],"c":false}]}],"ix":2},"nm":"Path 1","mn":"ADBE Vector Shape - Group","hd":false},{"ty":"st","c":{"a":0,"k":[0,0,0,1],"ix":3,"x":"var $bm_rt;\n$bm_rt = thisComp.layer('Color Control').effect('Color 4')('Color');"},"o":{"a":0,"k":100,"ix":4},"w":{"a":0,"k":2,"ix":5},"lc":2,"lj":2,"bm":0,"nm":"Stroke 1","mn":"ADBE Vector Graphic - Stroke","hd":false},{"ty":"fl","c":{"a":0,"k":[1,0.505999995213,0.172999991623,1],"ix":4,"x":"var $bm_rt;\n$bm_rt = thisComp.layer('Color Control').effect('Color 1')('Color');"},"o":{"a":0,"k":100,"ix":5},"r":1,"bm":0,"nm":"Fill 1","mn":"ADBE Vector Graphic - Fill","hd":false},{"ty":"tr","p":{"a":0,"k":[841.466,557.976],"ix":2},"a":{"a":0,"k":[0,0],"ix":1},"s":{"a":0,"k":[100,100],"ix":3},"r":{"a":0,"k":0,"ix":6},"o":{"a":0,"k":100,"ix":7},"sk":{"a":0,"k":0,"ix":4},"sa":{"a":0,"k":0,"ix":5},"nm":"Transform"}],"nm":"Group 5","np":3,"cix":2,"bm":0,"ix":5,"mn":"ADBE Vector Group","hd":false}],"ip":0,"op":150,"st":0,"bm":0},{"ddd":0,"ind":8,"ty":4,"nm":"Leg2","sr":1,"ks":{"o":{"a":0,"k":100,"ix":11},"r":{"a":1,"k":[{"i":{"x":[0.667],"y":[1]},"o":{"x":[0.333],"y":[0]},"t":0,"s":[-10]},{"i":{"x":[0.833],"y":[1]},"o":{"x":[0.333],"y":[0]},"t":25.168,"s":[0]},{"i":{"x":[0.667],"y":[1]},"o":{"x":[0.167],"y":[0]},"t":50.336,"s":[-5]},{"i":{"x":[0.833],"y":[1]},"o":{"x":[0.333],"y":[0]},"t":75.503,"s":[0]},{"i":{"x":[0.667],"y":[1]},"o":{"x":[0.167],"y":[0]},"t":100.671,"s":[-5]},{"i":{"x":[0.667],"y":[1]},"o":{"x":[0.167],"y":[0]},"t":125,"s":[0]},{"t":149,"s":[-10]}],"ix":10},"p":{"a":0,"k":[600,600,0],"ix":2},"a":{"a":0,"k":[960,540,0],"ix":1},"s":{"a":0,"k":[100,100,100],"ix":6}},"ao":0,"shapes":[{"ty":"gr","it":[{"ind":0,"ty":"sh","ix":1,"ks":{"a":1,"k":[{"i":{"x":0.667,"y":1},"o":{"x":0.333,"y":0},"t":0,"s":[{"i":[[0,0],[0,0],[10.99,-43.968],[0,0],[1.221,50.074],[0,0],[8.549,3.727],[0,0]],"o":[[11.601,13.435],[0,0],[0,23.205],[0,0],[-1.221,-50.073],[0,0],[0,0],[0,0]],"v":[[-119.98,-65.677],[38.776,-24.153],[-41.214,130.954],[-14.349,143.167],[118.759,-38.809],[1.527,-98.653],[-19.234,-154.159],[-82.531,-142.62]],"c":false}]},{"i":{"x":0.833,"y":0.801},"o":{"x":0.333,"y":0},"t":25.168,"s":[{"i":[[0,0],[0,0],[26.868,-64.268],[0,0],[1.221,50.074],[0,0],[8.549,3.727],[0,0]],"o":[[11.601,13.435],[0,0],[5.868,23.982],[0,0],[-1.221,-50.073],[0,0],[0,0],[0,0]],"v":[[-119.98,-65.677],[38.776,-24.153],[-70.464,99.454],[-46.599,114.917],[118.759,-38.809],[1.527,-98.653],[-19.234,-154.159],[-82.531,-142.62]],"c":false}]},{"i":{"x":0.667,"y":1},"o":{"x":0.167,"y":0.199},"t":50.336,"s":[{"i":[[0,0],[0,0],[20.76,-58.356],[0,0],[-3.96,50.403],[0,0],[8.549,3.727],[0,0]],"o":[[47.645,23.488],[0,0],[2.93,23.527],[0,0],[3.639,-46.321],[0,0],[0,0],[0,0]],"v":[[-119.98,-65.677],[28.166,-29.097],[-66.119,95.069],[-44.05,114.767],[112.99,-44.584],[1.527,-98.653],[-19.234,-154.159],[-82.531,-142.62]],"c":false}]},{"i":{"x":0.833,"y":0.801},"o":{"x":0.333,"y":0},"t":75.503,"s":[{"i":[[0,0],[0,0],[26.868,-64.268],[0,0],[1.221,50.074],[0,0],[8.549,3.727],[0,0]],"o":[[11.601,13.435],[0,0],[5.868,23.982],[0,0],[-1.221,-50.073],[0,0],[0,0],[0,0]],"v":[[-119.98,-65.677],[38.776,-24.153],[-70.464,99.454],[-46.599,114.917],[118.759,-38.809],[1.527,-98.653],[-19.234,-154.159],[-82.531,-142.62]],"c":false}]},{"i":{"x":0.667,"y":1},"o":{"x":0.167,"y":0.199},"t":100.671,"s":[{"i":[[0,0],[0,0],[20.76,-58.356],[0,0],[-3.96,50.403],[0,0],[8.549,3.727],[0,0]],"o":[[47.645,23.488],[0,0],[2.93,23.527],[0,0],[3.639,-46.321],[0,0],[0,0],[0,0]],"v":[[-119.98,-65.677],[28.167,-29.096],[-66.119,95.069],[-44.05,114.767],[112.99,-44.584],[1.527,-98.653],[-19.234,-154.159],[-82.531,-142.62]],"c":false}]},{"i":{"x":0.667,"y":1},"o":{"x":0.167,"y":0},"t":125,"s":[{"i":[[0,0],[0,0],[26.868,-64.268],[0,0],[1.221,50.074],[0,0],[8.549,3.727],[0,0]],"o":[[11.601,13.435],[0,0],[5.868,23.982],[0,0],[-1.221,-50.073],[0,0],[0,0],[0,0]],"v":[[-119.98,-65.677],[38.776,-24.153],[-70.464,99.454],[-46.599,114.917],[118.759,-38.809],[1.527,-98.653],[-19.234,-154.159],[-82.531,-142.62]],"c":false}]},{"t":149,"s":[{"i":[[0,0],[0,0],[10.99,-43.968],[0,0],[1.221,50.074],[0,0],[8.549,3.727],[0,0]],"o":[[11.601,13.435],[0,0],[0,23.205],[0,0],[-1.221,-50.073],[0,0],[0,0],[0,0]],"v":[[-119.98,-65.677],[38.776,-24.153],[-41.214,130.954],[-14.349,143.167],[118.759,-38.809],[1.527,-98.653],[-19.234,-154.159],[-82.531,-142.62]],"c":false}]}],"ix":2},"nm":"Path 1","mn":"ADBE Vector Shape - Group","hd":false},{"ty":"st","c":{"a":0,"k":[0,0,0,1],"ix":3,"x":"var $bm_rt;\n$bm_rt = thisComp.layer('Color Control').effect('Color 4')('Color');"},"o":{"a":0,"k":100,"ix":4},"w":{"a":0,"k":2,"ix":5},"lc":2,"lj":2,"bm":0,"nm":"Stroke 1","mn":"ADBE Vector Graphic - Stroke","hd":false},{"ty":"fl","c":{"a":0,"k":[1,0.505999995213,0.172999991623,1],"ix":4,"x":"var $bm_rt;\n$bm_rt = thisComp.layer('Color Control').effect('Color 1')('Color');"},"o":{"a":0,"k":100,"ix":5},"r":1,"bm":0,"nm":"Fill 1","mn":"ADBE Vector Graphic - Fill","hd":false},{"ty":"tr","p":{"a":0,"k":[1013.346,655.814],"ix":2},"a":{"a":0,"k":[0,0],"ix":1},"s":{"a":0,"k":[100,100],"ix":3},"r":{"a":0,"k":0,"ix":6},"o":{"a":0,"k":100,"ix":7},"sk":{"a":0,"k":0,"ix":4},"sa":{"a":0,"k":0,"ix":5},"nm":"Transform"}],"nm":"Group 2","np":3,"cix":2,"bm":0,"ix":1,"mn":"ADBE Vector Group","hd":false},{"ty":"gr","it":[{"ty":"gr","it":[{"ind":0,"ty":"sh","ix":1,"ks":{"a":0,"k":{"i":[[0,0],[-3.257,-3.8],[-3.94,-2.172],[-2,-2.778],[-0.542,-6.242],[0,0]],"o":[[0,0],[3.256,3.8],[3.94,2.171],[2,2.779],[0.543,6.242],[0,0]],"v":[[4.336,-16.148],[-14.247,-8.278],[4.336,-7.192],[-5.121,5.227],[16.96,8.007],[2.307,16.148]],"c":false},"ix":2},"nm":"Path 1","mn":"ADBE Vector Shape - Group","hd":false},{"ty":"st","c":{"a":0,"k":[0.102000000898,0.102000000898,0.102000000898,1],"ix":3,"x":"var $bm_rt;\n$bm_rt = thisComp.layer('Color Control').effect('Color 5')('Color');"},"o":{"a":0,"k":100,"ix":4},"w":{"a":0,"k":3,"ix":5},"lc":2,"lj":2,"bm":0,"nm":"Stroke 1","mn":"ADBE Vector Graphic - Stroke","hd":false},{"ty":"tr","p":{"a":0,"k":[994.457,844.89],"ix":2},"a":{"a":0,"k":[0,0],"ix":1},"s":{"a":0,"k":[100,100],"ix":3},"r":{"a":0,"k":0,"ix":6},"o":{"a":0,"k":100,"ix":7},"sk":{"a":0,"k":0,"ix":4},"sa":{"a":0,"k":0,"ix":5},"nm":"Transform"}],"nm":"Group 1","np":2,"cix":2,"bm":0,"ix":1,"mn":"ADBE Vector Group","hd":false},{"ty":"gr","it":[{"ind":0,"ty":"sh","ix":1,"ks":{"a":0,"k":{"i":[[5.467,5.468],[3.425,2.284],[14.427,16.25],[-0.957,-2.354],[0,0],[-1.771,2.467]],"o":[[-2.855,-2.855],[-17.532,-13.813],[-1.811,2.865],[2.646,6.514],[0,0],[-6.269,-4.033]],"v":[[21.071,16.575],[10.793,10.864],[-36.224,-34.004],[-38.016,-25.977],[35.186,34.004],[38.973,30.379]],"c":true},"ix":2},"nm":"Path 1","mn":"ADBE Vector Shape - Group","hd":false},{"ty":"st","c":{"a":0,"k":[0.102000000898,0.102000000898,0.102000000898,1],"ix":3,"x":"var $bm_rt;\n$bm_rt = thisComp.layer('Color Control').effect('Color 5')('Color');"},"o":{"a":0,"k":100,"ix":4},"w":{"a":0,"k":1,"ix":5},"lc":2,"lj":2,"bm":0,"nm":"Stroke 1","mn":"ADBE Vector Graphic - Stroke","hd":false},{"ty":"fl","c":{"a":0,"k":[0.109999997008,0.011999999776,0.067000003889,1],"ix":4,"x":"var $bm_rt;\n$bm_rt = thisComp.layer('Color Control').effect('Color 2')('Color');"},"o":{"a":0,"k":100,"ix":5},"r":1,"bm":0,"nm":"Fill 1","mn":"ADBE Vector Graphic - Fill","hd":false},{"ty":"tr","p":{"a":0,"k":[971.681,858.746],"ix":2},"a":{"a":0,"k":[0,0],"ix":1},"s":{"a":0,"k":[100,100],"ix":3},"r":{"a":0,"k":0,"ix":6},"o":{"a":0,"k":100,"ix":7},"sk":{"a":0,"k":0,"ix":4},"sa":{"a":0,"k":0,"ix":5},"nm":"Transform"}],"nm":"Group 3","np":3,"cix":2,"bm":0,"ix":2,"mn":"ADBE Vector Group","hd":false},{"ty":"gr","it":[{"ind":0,"ty":"sh","ix":1,"ks":{"a":0,"k":{"i":[[-17.531,-13.813],[-2.855,-2.856],[-6.27,-4.033],[4.403,8.804],[0,0],[0,0],[4.884,-5.089],[3.199,-5.06]],"o":[[3.426,2.284],[5.467,5.468],[2.439,-3.398],[-7.597,-15.199],[0,0],[0,0],[-3.119,3.249],[14.428,16.25]],"v":[[7.211,21.996],[17.489,27.707],[35.392,41.51],[35.403,23.424],[8.538,-31.128],[-11.883,-39.881],[-27.554,-36.421],[-39.806,-22.872]],"c":true},"ix":2},"nm":"Path 1","mn":"ADBE Vector Shape - Group","hd":false},{"ty":"st","c":{"a":0,"k":[0.102000000898,0.102000000898,0.102000000898,1],"ix":3,"x":"var $bm_rt;\n$bm_rt = thisComp.layer('Color Control').effect('Color 5')('Color');"},"o":{"a":0,"k":100,"ix":4},"w":{"a":0,"k":2,"ix":5},"lc":2,"lj":2,"bm":0,"nm":"Stroke 1","mn":"ADBE Vector Graphic - Stroke","hd":false},{"ty":"fl","c":{"a":0,"k":[1,1,1,1],"ix":4,"x":"var $bm_rt;\n$bm_rt = thisComp.layer('Color Control').effect('Color 3')('Color');"},"o":{"a":0,"k":100,"ix":5},"r":1,"bm":0,"nm":"Fill 1","mn":"ADBE Vector Graphic - Fill","hd":false},{"ty":"tr","p":{"a":0,"k":[975.263,847.615],"ix":2},"a":{"a":0,"k":[0,0],"ix":1},"s":{"a":0,"k":[100,100],"ix":3},"r":{"a":0,"k":0,"ix":6},"o":{"a":0,"k":100,"ix":7},"sk":{"a":0,"k":0,"ix":4},"sa":{"a":0,"k":0,"ix":5},"nm":"Transform"}],"nm":"Group 4","np":3,"cix":2,"bm":0,"ix":3,"mn":"ADBE Vector Group","hd":false},{"ty":"gr","it":[{"ind":0,"ty":"sh","ix":1,"ks":{"a":0,"k":{"i":[[0,0],[0,0],[0,0],[0,0]],"o":[[0,0],[0,0],[0,0],[0,0]],"v":[[-2.645,-18.422],[-19.742,4.784],[4.478,18.422],[19.743,-8.041]],"c":true},"ix":2},"nm":"Path 1","mn":"ADBE Vector Shape - Group","hd":false},{"ty":"st","c":{"a":0,"k":[0.102000000898,0.102000000898,0.102000000898,1],"ix":3,"x":"var $bm_rt;\n$bm_rt = thisComp.layer('Color Control').effect('Color 5')('Color');"},"o":{"a":0,"k":100,"ix":4},"w":{"a":0,"k":1,"ix":5},"lc":2,"lj":2,"bm":0,"nm":"Stroke 1","mn":"ADBE Vector Graphic - Stroke","hd":false},{"ty":"fl","c":{"a":0,"k":[0.109999997008,0.011999999776,0.067000003889,1],"ix":4,"x":"var $bm_rt;\n$bm_rt = thisComp.layer('Color Control').effect('Color 2')('Color');"},"o":{"a":0,"k":100,"ix":5},"r":1,"bm":0,"nm":"Fill 1","mn":"ADBE Vector Graphic - Fill","hd":false},{"ty":"tr","p":{"a":0,"k":[979.052,803.967],"ix":2},"a":{"a":0,"k":[0,0],"ix":1},"s":{"a":0,"k":[100,100],"ix":3},"r":{"a":0,"k":0,"ix":6},"o":{"a":0,"k":100,"ix":7},"sk":{"a":0,"k":0,"ix":4},"sa":{"a":0,"k":0,"ix":5},"nm":"Transform"}],"nm":"Group 5","np":3,"cix":2,"bm":0,"ix":4,"mn":"ADBE Vector Group","hd":false},{"ty":"tr","p":{"a":1,"k":[{"i":{"x":0.667,"y":1},"o":{"x":0.333,"y":0},"t":0,"s":[985.781,790.148],"to":[0,0],"ti":[0,0]},{"i":{"x":0.667,"y":1},"o":{"x":0.333,"y":0},"t":25.168,"s":[958.281,755.148],"to":[0,0],"ti":[0,0]},{"i":{"x":0.667,"y":1},"o":{"x":0.333,"y":0},"t":50.336,"s":[962.281,750.148],"to":[0,0],"ti":[0,0]},{"i":{"x":0.667,"y":1},"o":{"x":0.333,"y":0},"t":75.503,"s":[958.281,755.148],"to":[0,0],"ti":[0,0]},{"i":{"x":0.667,"y":1},"o":{"x":0.252,"y":0},"t":100.671,"s":[962.281,750.148],"to":[0,0],"ti":[0,0]},{"i":{"x":0.667,"y":1},"o":{"x":0.167,"y":0},"t":125,"s":[958.281,755.148],"to":[0,0],"ti":[0,0]},{"t":149,"s":[985.781,790.148]}],"ix":2},"a":{"a":0,"k":[985.781,790.148],"ix":1},"s":{"a":0,"k":[100,100],"ix":3},"r":{"a":1,"k":[{"i":{"x":[0.667],"y":[1]},"o":{"x":[0.333],"y":[0]},"t":0,"s":[0]},{"i":{"x":[0.833],"y":[1]},"o":{"x":[0.333],"y":[0]},"t":25.168,"s":[0]},{"i":{"x":[0.667],"y":[1]},"o":{"x":[0.167],"y":[0]},"t":50.336,"s":[0]},{"i":{"x":[0.833],"y":[1]},"o":{"x":[0.333],"y":[0]},"t":75.503,"s":[0]},{"i":{"x":[0.667],"y":[1]},"o":{"x":[0.167],"y":[0]},"t":100.671,"s":[0]},{"i":{"x":[0.667],"y":[1]},"o":{"x":[0.167],"y":[0]},"t":125,"s":[0]},{"t":149,"s":[0]}],"ix":6},"o":{"a":0,"k":100,"ix":7},"sk":{"a":0,"k":0,"ix":4},"sa":{"a":0,"k":0,"ix":5},"nm":"Transform"}],"nm":"Group 3","np":4,"cix":2,"bm":0,"ix":2,"mn":"ADBE Vector Group","hd":false}],"ip":0,"op":150,"st":0,"bm":0},{"ddd":0,"ind":9,"ty":4,"nm":"Shape","parent":10,"sr":1,"ks":{"o":{"a":0,"k":100,"ix":11},"r":{"a":1,"k":[{"i":{"x":[0.667],"y":[1]},"o":{"x":[0.333],"y":[0]},"t":30,"s":[11]},{"i":{"x":[0.833],"y":[1]},"o":{"x":[0.167],"y":[0]},"t":60,"s":[0]},{"i":{"x":[0.667],"y":[1]},"o":{"x":[0.333],"y":[0]},"t":90,"s":[11]},{"t":121,"s":[0]}],"ix":10},"p":{"a":0,"k":[783.842,278.443,0],"ix":2},"a":{"a":0,"k":[783.842,278.443,0],"ix":1},"s":{"a":1,"k":[{"i":{"x":[0.667,0.667,0.667],"y":[1,1,1]},"o":{"x":[0.333,0.333,0.333],"y":[0,0,0]},"t":21,"s":[0,0,100]},{"i":{"x":[0.667,0.667,0.667],"y":[1,1,1]},"o":{"x":[0.167,0.167,0.167],"y":[0,0,0]},"t":41,"s":[100,100,100]},{"i":{"x":[0.833,0.833,0.833],"y":[1,1,1]},"o":{"x":[0.167,0.167,0.167],"y":[0,0,0]},"t":110,"s":[100,100,100]},{"t":130,"s":[0,0,100]}],"ix":6}},"ao":0,"shapes":[{"ty":"gr","it":[{"ind":0,"ty":"sh","ix":1,"ks":{"a":0,"k":{"i":[[16.52,-9.207],[1.647,-0.665],[1.757,0.979],[-12.987,14.307],[-6.339,-4.841],[-10.583,-11.654]],"o":[[-1.757,0.979],[-1.647,-0.665],[-16.52,-9.211],[10.587,-11.654],[6.343,-4.841],[12.988,14.307]],"v":[[5.13,27.322],[0.002,29.805],[-5.13,27.322],[-28.176,-18.151],[0.002,-19.674],[28.175,-18.151]],"c":true},"ix":2},"nm":"Path 1","mn":"ADBE Vector Shape - Group","hd":false},{"ty":"st","c":{"a":0,"k":[0,0,0,1],"ix":3,"x":"var $bm_rt;\n$bm_rt = thisComp.layer('Color Control').effect('Color 4')('Color');"},"o":{"a":0,"k":100,"ix":4},"w":{"a":0,"k":2,"ix":5},"lc":2,"lj":2,"bm":0,"nm":"Stroke 1","mn":"ADBE Vector Graphic - Stroke","hd":false},{"ty":"fl","c":{"a":0,"k":[1,0.505999995213,0.172999991623,1],"ix":4,"x":"var $bm_rt;\n$bm_rt = thisComp.layer('Color Control').effect('Color 1')('Color');"},"o":{"a":0,"k":100,"ix":5},"r":1,"bm":0,"nm":"Fill 1","mn":"ADBE Vector Graphic - Fill","hd":false},{"ty":"tr","p":{"a":0,"k":[783.842,220.835],"ix":2},"a":{"a":0,"k":[0,0],"ix":1},"s":{"a":1,"k":[{"i":{"x":[0.667,0.667],"y":[1,1]},"o":{"x":[0.333,0.333],"y":[0,0]},"t":41,"s":[100,100]},{"i":{"x":[0.667,0.667],"y":[1,1]},"o":{"x":[0.333,0.333],"y":[0,0]},"t":50,"s":[117,117]},{"i":{"x":[0.667,0.667],"y":[1,1]},"o":{"x":[0.333,0.333],"y":[0,0]},"t":60,"s":[100,100]},{"i":{"x":[0.667,0.667],"y":[1,1]},"o":{"x":[0.333,0.333],"y":[0,0]},"t":70,"s":[100,100]},{"i":{"x":[0.667,0.667],"y":[1,1]},"o":{"x":[0.333,0.333],"y":[0,0]},"t":79,"s":[117,117]},{"i":{"x":[0.667,0.667],"y":[1,1]},"o":{"x":[0.333,0.333],"y":[0,0]},"t":89,"s":[100,100]},{"i":{"x":[0.667,0.667],"y":[1,1]},"o":{"x":[0.333,0.333],"y":[0,0]},"t":101,"s":[100,100]},{"i":{"x":[0.667,0.667],"y":[1,1]},"o":{"x":[0.333,0.333],"y":[0,0]},"t":110,"s":[117,117]},{"t":120,"s":[100,100]}],"ix":3},"r":{"a":0,"k":0,"ix":6},"o":{"a":0,"k":100,"ix":7},"sk":{"a":0,"k":0,"ix":4},"sa":{"a":0,"k":0,"ix":5},"nm":"Transform"}],"nm":"Group 1","np":3,"cix":2,"bm":0,"ix":1,"mn":"ADBE Vector Group","hd":false},{"ty":"gr","it":[{"ind":0,"ty":"sh","ix":1,"ks":{"a":0,"k":{"i":[[0,-31.481],[31.478,0],[0,31.481],[-31.477,0]],"o":[[0,31.481],[-31.477,0],[0,-31.481],[31.478,0]],"v":[[56.995,0],[-0.001,57.001],[-56.996,0],[-0.001,-57.001]],"c":true},"ix":2},"nm":"Path 1","mn":"ADBE Vector Shape - Group","hd":false},{"ty":"st","c":{"a":0,"k":[0.102000000898,0.102000000898,0.102000000898,1],"ix":3,"x":"var $bm_rt;\n$bm_rt = thisComp.layer('Color Control').effect('Color 5')('Color');"},"o":{"a":0,"k":100,"ix":4},"w":{"a":0,"k":2,"ix":5},"lc":2,"lj":2,"bm":0,"nm":"Stroke 1","mn":"ADBE Vector Graphic - Stroke","hd":false},{"ty":"fl","c":{"a":0,"k":[1,1,1,1],"ix":4,"x":"var $bm_rt;\n$bm_rt = thisComp.layer('Color Control').effect('Color 3')('Color');"},"o":{"a":0,"k":100,"ix":5},"r":1,"bm":0,"nm":"Fill 1","mn":"ADBE Vector Graphic - Fill","hd":false},{"ty":"tr","p":{"a":0,"k":[783.842,221.442],"ix":2},"a":{"a":0,"k":[0,0],"ix":1},"s":{"a":0,"k":[100,100],"ix":3},"r":{"a":0,"k":0,"ix":6},"o":{"a":0,"k":100,"ix":7},"sk":{"a":0,"k":0,"ix":4},"sa":{"a":0,"k":0,"ix":5},"nm":"Transform"}],"nm":"Group 2","np":3,"cix":2,"bm":0,"ix":2,"mn":"ADBE Vector Group","hd":false}],"ip":0,"op":150,"st":-1,"bm":0},{"ddd":0,"ind":10,"ty":4,"nm":"Arm2","parent":6,"sr":1,"ks":{"o":{"a":0,"k":100,"ix":11},"r":{"a":1,"k":[{"i":{"x":[0.667],"y":[1]},"o":{"x":[0.333],"y":[0]},"t":0,"s":[-9]},{"i":{"x":[0.833],"y":[1]},"o":{"x":[0.333],"y":[0]},"t":30,"s":[-9]},{"i":{"x":[0.667],"y":[1]},"o":{"x":[0.167],"y":[0]},"t":60,"s":[0]},{"i":{"x":[0.833],"y":[1]},"o":{"x":[0.167],"y":[0]},"t":90,"s":[-9]},{"i":{"x":[0.667],"y":[1]},"o":{"x":[0.167],"y":[0]},"t":121,"s":[0]},{"t":149,"s":[-9]}],"ix":10},"p":{"a":0,"k":[912.043,349.221,0],"ix":2},"a":{"a":0,"k":[913.804,347.627,0],"ix":1},"s":{"a":0,"k":[100,100,100],"ix":6}},"ao":0,"shapes":[{"ty":"gr","it":[{"ty":"gr","it":[{"ind":0,"ty":"sh","ix":1,"ks":{"a":0,"k":{"i":[[0,0],[0,0],[-2.443,-10.178],[3.388,-39.082]],"o":[[-2.274,-12.624],[0,0],[2.442,10.177],[0,0]],"v":[[-11.396,76.491],[-27.569,-69.57],[-4.774,-66.313],[24.182,55.28]],"c":false},"ix":2},"nm":"Path 1","mn":"ADBE Vector Shape - Group","hd":false},{"ty":"st","c":{"a":0,"k":[0.102000000898,0.102000000898,0.102000000898,1],"ix":3,"x":"var $bm_rt;\n$bm_rt = thisComp.layer('Color Control').effect('Color 5')('Color');"},"o":{"a":0,"k":100,"ix":4},"w":{"a":0,"k":2,"ix":5},"lc":2,"lj":2,"bm":0,"nm":"Stroke 1","mn":"ADBE Vector Graphic - Stroke","hd":false},{"ty":"fl","c":{"a":0,"k":[1,1,1,1],"ix":4,"x":"var $bm_rt;\n$bm_rt = thisComp.layer('Color Control').effect('Color 3')('Color');"},"o":{"a":0,"k":100,"ix":5},"r":1,"bm":0,"nm":"Fill 1","mn":"ADBE Vector Graphic - Fill","hd":false},{"ty":"tr","p":{"a":0,"k":[829.365,416.797],"ix":2},"a":{"a":0,"k":[0,0],"ix":1},"s":{"a":0,"k":[100,100],"ix":3},"r":{"a":0,"k":0,"ix":6},"o":{"a":0,"k":100,"ix":7},"sk":{"a":0,"k":0,"ix":4},"sa":{"a":0,"k":0,"ix":5},"nm":"Transform"}],"nm":"Group 1","np":3,"cix":2,"bm":0,"ix":1,"mn":"ADBE Vector Group","hd":false},{"ty":"gr","it":[{"ind":0,"ty":"sh","ix":1,"ks":{"a":1,"k":[{"i":{"x":0.667,"y":1},"o":{"x":0.333,"y":0},"t":0,"s":[{"i":[[0,0],[5.152,6.689],[4.282,14.795],[-1.102,-11.038],[-0.09,-3.092],[0,0]],"o":[[0,0],[-5.028,-6.527],[-3.256,-1.628],[1.153,11.55],[0.203,7.006],[0,0]],"v":[[27.273,22.98],[15.803,-2.548],[5.698,-31.806],[1.522,-4.157],[8.311,15.012],[9.329,24.782]],"c":true}]},{"i":{"x":0.833,"y":0.833},"o":{"x":0.333,"y":0},"t":30,"s":[{"i":[[0,0],[6.241,5.699],[6.784,12.485],[-8.684,-10.857],[-1.516,-7.328],[0,0]],"o":[[0,0],[-6.242,-5.7],[-3.256,-1.628],[8.684,10.856],[1.42,6.864],[0,0]],"v":[[27.273,22.98],[21.031,0.187],[-24.016,-23.154],[-16.146,-3.884],[8.31,15.012],[9.328,24.782]],"c":true}]},{"i":{"x":0.667,"y":1},"o":{"x":0.167,"y":0.167},"t":60,"s":[{"i":[[0,0],[6.241,5.699],[6.784,12.485],[-4.274,-9.317],[-1.516,-7.328],[0,0]],"o":[[0,0],[-6.242,-5.7],[-3.256,-1.628],[5.796,12.636],[1.42,6.864],[0,0]],"v":[[27.273,22.98],[19.268,0.314],[-12.253,-30.1],[-12.022,-9.109],[8.31,15.012],[9.328,24.782]],"c":true}]},{"i":{"x":0.833,"y":0.833},"o":{"x":0.333,"y":0},"t":90,"s":[{"i":[[0,0],[6.241,5.699],[6.784,12.485],[-8.684,-10.857],[-1.516,-7.328],[0,0]],"o":[[0,0],[-6.242,-5.7],[-3.256,-1.628],[8.684,10.856],[1.42,6.864],[0,0]],"v":[[27.273,22.98],[21.031,0.187],[-24.016,-23.154],[-16.146,-3.884],[8.31,15.012],[9.328,24.782]],"c":true}]},{"i":{"x":0.667,"y":1},"o":{"x":0.167,"y":0.167},"t":121,"s":[{"i":[[0,0],[6.241,5.699],[6.784,12.485],[-4.274,-9.317],[-1.516,-7.328],[0,0]],"o":[[0,0],[-6.242,-5.7],[-3.256,-1.628],[5.796,12.636],[1.42,6.864],[0,0]],"v":[[27.273,22.98],[19.268,0.314],[-12.253,-30.1],[-12.022,-9.109],[8.31,15.012],[9.328,24.782]],"c":true}]},{"t":149,"s":[{"i":[[0,0],[5.152,6.689],[4.282,14.794],[-1.102,-11.038],[-0.09,-3.092],[0,0]],"o":[[0,0],[-5.028,-6.527],[-3.256,-1.628],[1.153,11.55],[0.203,7.006],[0,0]],"v":[[27.273,22.98],[15.803,-2.548],[5.698,-31.806],[1.522,-4.157],[8.31,15.012],[9.328,24.782]],"c":true}]}],"ix":2},"nm":"Path 1","mn":"ADBE Vector Shape - Group","hd":false},{"ty":"st","c":{"a":0,"k":[0.102000000898,0.102000000898,0.102000000898,1],"ix":3,"x":"var $bm_rt;\n$bm_rt = thisComp.layer('Color Control').effect('Color 5')('Color');"},"o":{"a":0,"k":100,"ix":4},"w":{"a":0,"k":2,"ix":5},"lc":2,"lj":2,"bm":0,"nm":"Stroke 1","mn":"ADBE Vector Graphic - Stroke","hd":false},{"ty":"fl","c":{"a":0,"k":[1,1,1,1],"ix":4,"x":"var $bm_rt;\n$bm_rt = thisComp.layer('Color Control').effect('Color 3')('Color');"},"o":{"a":0,"k":100,"ix":5},"r":1,"bm":0,"nm":"Fill 1","mn":"ADBE Vector Graphic - Fill","hd":false},{"ty":"tr","p":{"a":0,"k":[795,325.647],"ix":2},"a":{"a":0,"k":[0,0],"ix":1},"s":{"a":0,"k":[100,100],"ix":3},"r":{"a":0,"k":0,"ix":6},"o":{"a":0,"k":100,"ix":7},"sk":{"a":0,"k":0,"ix":4},"sa":{"a":0,"k":0,"ix":5},"nm":"Transform"}],"nm":"Group 3","np":3,"cix":2,"bm":0,"ix":2,"mn":"ADBE Vector Group","hd":false},{"ty":"tr","p":{"a":0,"k":[817.957,490.553],"ix":2},"a":{"a":0,"k":[817.957,490.553],"ix":1},"s":{"a":0,"k":[100,100],"ix":3},"r":{"a":1,"k":[{"i":{"x":[0.667],"y":[1]},"o":{"x":[0.333],"y":[0]},"t":0,"s":[19]},{"i":{"x":[0.569],"y":[1]},"o":{"x":[0.203],"y":[0]},"t":30,"s":[-13]},{"i":{"x":[0.667],"y":[1]},"o":{"x":[0.316],"y":[0]},"t":60,"s":[-4]},{"i":{"x":[0.569],"y":[1]},"o":{"x":[0.203],"y":[0]},"t":90,"s":[-13]},{"i":{"x":[0.833],"y":[1]},"o":{"x":[0.316],"y":[0]},"t":121,"s":[-4]},{"t":149,"s":[19]}],"ix":6},"o":{"a":0,"k":100,"ix":7},"sk":{"a":0,"k":0,"ix":4},"sa":{"a":0,"k":0,"ix":5},"nm":"Transform"}],"nm":"Group 3","np":2,"cix":2,"bm":0,"ix":1,"mn":"ADBE Vector Group","hd":false},{"ty":"gr","it":[{"ind":0,"ty":"sh","ix":1,"ks":{"a":0,"k":{"i":[[0,0],[38.263,14.002],[-9.981,-1.521]],"o":[[0,0],[-38.264,-14.003],[0,0]],"v":[[50.367,-17.586],[-25.346,72.138],[63.609,-84.619]],"c":false},"ix":2},"nm":"Path 1","mn":"ADBE Vector Shape - Group","hd":false},{"ty":"st","c":{"a":0,"k":[0.102000000898,0.102000000898,0.102000000898,1],"ix":3,"x":"var $bm_rt;\n$bm_rt = thisComp.layer('Color Control').effect('Color 5')('Color');"},"o":{"a":0,"k":100,"ix":4},"w":{"a":0,"k":2,"ix":5},"lc":2,"lj":2,"bm":0,"nm":"Stroke 1","mn":"ADBE Vector Graphic - Stroke","hd":false},{"ty":"fl","c":{"a":0,"k":[1,1,1,1],"ix":4,"x":"var $bm_rt;\n$bm_rt = thisComp.layer('Color Control').effect('Color 3')('Color');"},"o":{"a":0,"k":100,"ix":5},"r":1,"bm":0,"nm":"Fill 1","mn":"ADBE Vector Graphic - Fill","hd":false},{"ty":"tr","p":{"a":0,"k":[850.937,432.668],"ix":2},"a":{"a":0,"k":[0,0],"ix":1},"s":{"a":0,"k":[100,100],"ix":3},"r":{"a":0,"k":0,"ix":6},"o":{"a":0,"k":100,"ix":7},"sk":{"a":0,"k":0,"ix":4},"sa":{"a":0,"k":0,"ix":5},"nm":"Transform"}],"nm":"Group 2","np":3,"cix":2,"bm":0,"ix":2,"mn":"ADBE Vector Group","hd":false}],"ip":0,"op":150,"st":0,"bm":0}]},{"id":"comp_1","layers":[{"ddd":0,"ind":1,"ty":4,"nm":"Color Control","sr":1,"ks":{"o":{"a":0,"k":100,"ix":11},"r":{"a":0,"k":0,"ix":10},"p":{"a":0,"k":[600,600,0],"ix":2},"a":{"a":0,"k":[0,0,0],"ix":1},"s":{"a":0,"k":[100,100,100],"ix":6}},"ao":0,"ef":[{"ty":5,"nm":"Color 1","np":3,"mn":"ADBE Color Control","ix":1,"en":1,"ef":[{"ty":2,"nm":"Color","mn":"ADBE Color Control-0001","ix":1,"v":{"a":0,"k":[1,0.505882382393,0.172549024224,1],"ix":1}}]},{"ty":5,"nm":"Color 2","np":3,"mn":"ADBE Color Control","ix":2,"en":1,"ef":[{"ty":2,"nm":"Color","mn":"ADBE Color Control-0001","ix":1,"v":{"a":0,"k":[1,1,1,1],"ix":1}}]},{"ty":5,"nm":"Color 3","np":3,"mn":"ADBE Color Control","ix":3,"en":1,"ef":[{"ty":2,"nm":"Color","mn":"ADBE Color Control-0001","ix":1,"v":{"a":0,"k":[0.109803929925,0.011764707044,0.066666670144,1],"ix":1}}]},{"ty":5,"nm":"Color 4","np":3,"mn":"ADBE Color Control","ix":4,"en":1,"ef":[{"ty":2,"nm":"Color","mn":"ADBE Color Control-0001","ix":1,"v":{"a":0,"k":[0,0,0,1],"ix":1}}]},{"ty":5,"nm":"Color 5","np":3,"mn":"ADBE Color Control","ix":5,"en":1,"ef":[{"ty":2,"nm":"Color","mn":"ADBE Color Control-0001","ix":1,"v":{"a":0,"k":[0.101960793138,0.101960793138,0.101960793138,1],"ix":1}}]}],"shapes":[],"ip":0,"op":150,"st":0,"bm":0},{"ddd":0,"ind":2,"ty":4,"nm":"Background ","sr":1,"ks":{"o":{"a":0,"k":100,"ix":11},"r":{"a":0,"k":0,"ix":10},"p":{"a":0,"k":[600,600,0],"ix":2},"a":{"a":0,"k":[960,540,0],"ix":1},"s":{"a":0,"k":[100,100,100],"ix":6}},"ao":0,"shapes":[{"ty":"gr","it":[{"ind":0,"ty":"sh","ix":1,"ks":{"a":0,"k":{"i":[[0,-9.443],[9.442,0],[0,9.443],[-9.443,0]],"o":[[0,9.443],[-9.443,0],[0,-9.443],[9.442,0]],"v":[[17.096,0],[0,17.099],[-17.097,0],[0,-17.099]],"c":true},"ix":2},"nm":"Path 1","mn":"ADBE Vector Shape - Group","hd":false},{"ty":"st","c":{"a":0,"k":[0.102000000898,0.102000000898,0.102000000898,1],"ix":3,"x":"var $bm_rt;\n$bm_rt = thisComp.layer('Color Control').effect('Color 5')('Color');"},"o":{"a":0,"k":100,"ix":4},"w":{"a":0,"k":1,"ix":5},"lc":2,"lj":2,"bm":0,"nm":"Stroke 1","mn":"ADBE Vector Graphic - Stroke","hd":false},{"ty":"fl","c":{"a":0,"k":[0.109999997008,0.011999999776,0.067000003889,1],"ix":4,"x":"var $bm_rt;\n$bm_rt = thisComp.layer('Color Control').effect('Color 3')('Color');"},"o":{"a":0,"k":100,"ix":5},"r":1,"bm":0,"nm":"Fill 1","mn":"ADBE Vector Graphic - Fill","hd":false},{"ty":"tr","p":{"a":0,"k":[752.197,606.225],"ix":2},"a":{"a":0,"k":[0,0],"ix":1},"s":{"a":0,"k":[100,100],"ix":3},"r":{"a":0,"k":0,"ix":6},"o":{"a":0,"k":100,"ix":7},"sk":{"a":0,"k":0,"ix":4},"sa":{"a":0,"k":0,"ix":5},"nm":"Transform"}],"nm":"Group 1","np":3,"cix":2,"bm":0,"ix":1,"mn":"ADBE Vector Group","hd":false},{"ty":"gr","it":[{"ind":0,"ty":"sh","ix":1,"ks":{"a":0,"k":{"i":[[0,-11.973],[11.971,0],[0,11.973],[-11.971,0]],"o":[[0,11.973],[-11.971,0],[0,-11.973],[11.971,0]],"v":[[21.676,0],[0,21.678],[-21.676,0],[0,-21.678]],"c":true},"ix":2},"nm":"Path 1","mn":"ADBE Vector Shape - Group","hd":false},{"ty":"st","c":{"a":0,"k":[0,0,0,1],"ix":3,"x":"var $bm_rt;\n$bm_rt = thisComp.layer('Color Control').effect('Color 4')('Color');"},"o":{"a":0,"k":100,"ix":4},"w":{"a":0,"k":2,"ix":5},"lc":2,"lj":2,"bm":0,"nm":"Stroke 1","mn":"ADBE Vector Graphic - Stroke","hd":false},{"ty":"fl","c":{"a":0,"k":[1,0.505999995213,0.172999991623,1],"ix":4,"x":"var $bm_rt;\n$bm_rt = thisComp.layer('Color Control').effect('Color 1')('Color');"},"o":{"a":0,"k":100,"ix":5},"r":1,"bm":0,"nm":"Fill 1","mn":"ADBE Vector Graphic - Fill","hd":false},{"ty":"tr","p":{"a":0,"k":[645.024,467.065],"ix":2},"a":{"a":0,"k":[0,0],"ix":1},"s":{"a":0,"k":[100,100],"ix":3},"r":{"a":0,"k":0,"ix":6},"o":{"a":0,"k":100,"ix":7},"sk":{"a":0,"k":0,"ix":4},"sa":{"a":0,"k":0,"ix":5},"nm":"Transform"}],"nm":"Group 2","np":3,"cix":2,"bm":0,"ix":2,"mn":"ADBE Vector Group","hd":false},{"ty":"gr","it":[{"ind":0,"ty":"sh","ix":1,"ks":{"a":0,"k":{"i":[[0,0],[0,0]],"o":[[0,0],[0,0]],"v":[[679.26,789.107],[1205.178,789.107]],"c":false},"ix":2},"nm":"Path 1","mn":"ADBE Vector Shape - Group","hd":false},{"ty":"st","c":{"a":0,"k":[0.102000000898,0.102000000898,0.102000000898,1],"ix":3,"x":"var $bm_rt;\n$bm_rt = thisComp.layer('Color Control').effect('Color 5')('Color');"},"o":{"a":0,"k":100,"ix":4},"w":{"a":0,"k":3,"ix":5},"lc":2,"lj":2,"bm":0,"nm":"Stroke 1","mn":"ADBE Vector Graphic - Stroke","hd":false},{"ty":"tr","p":{"a":0,"k":[0,0],"ix":2},"a":{"a":0,"k":[0,0],"ix":1},"s":{"a":0,"k":[100,100],"ix":3},"r":{"a":0,"k":0,"ix":6},"o":{"a":0,"k":100,"ix":7},"sk":{"a":0,"k":0,"ix":4},"sa":{"a":0,"k":0,"ix":5},"nm":"Transform"}],"nm":"Group 3","np":2,"cix":2,"bm":0,"ix":3,"mn":"ADBE Vector Group","hd":false},{"ty":"gr","it":[{"ind":0,"ty":"sh","ix":1,"ks":{"a":0,"k":{"i":[[-16.327,-52.525],[0,0],[29.239,21.152],[31.423,-15.321],[50.796,-11.363],[10.733,-40.989],[43.478,-20.197]],"o":[[0,0],[6.384,-35.82],[-28.121,-20.342],[-19.66,-58.439],[-37.757,8.446],[-31.665,-38.719],[-47.564,22.097]],"v":[[-257.987,96.325],[267.931,96.325],[230.481,2.972],[133.601,-5.17],[5.786,-84.962],[-73.184,-3.541],[-201.814,-34.482]],"c":true},"ix":2},"nm":"Path 1","mn":"ADBE Vector Shape - Group","hd":false},{"ty":"st","c":{"a":0,"k":[0.102000000898,0.102000000898,0.102000000898,1],"ix":3,"x":"var $bm_rt;\n$bm_rt = thisComp.layer('Color Control').effect('Color 5')('Color');"},"o":{"a":0,"k":100,"ix":4},"w":{"a":0,"k":2,"ix":5},"lc":2,"lj":2,"bm":0,"nm":"Stroke 1","mn":"ADBE Vector Graphic - Stroke","hd":false},{"ty":"fl","c":{"a":0,"k":[1,1,1,1],"ix":4,"x":"var $bm_rt;\n$bm_rt = thisComp.layer('Color Control').effect('Color 2')('Color');"},"o":{"a":0,"k":100,"ix":5},"r":1,"bm":0,"nm":"Fill 1","mn":"ADBE Vector Graphic - Fill","hd":false},{"ty":"tr","p":{"a":0,"k":[937.247,692.782],"ix":2},"a":{"a":0,"k":[0,0],"ix":1},"s":{"a":0,"k":[100,100],"ix":3},"r":{"a":0,"k":0,"ix":6},"o":{"a":0,"k":100,"ix":7},"sk":{"a":0,"k":0,"ix":4},"sa":{"a":0,"k":0,"ix":5},"nm":"Transform"}],"nm":"Group 4","np":3,"cix":2,"bm":0,"ix":4,"mn":"ADBE Vector Group","hd":false},{"ty":"gr","it":[{"ind":0,"ty":"sh","ix":1,"ks":{"a":0,"k":{"i":[[0,0],[-10.584,-32.95],[-200.876,18.32],[0,0],[19.359,56.275]],"o":[[0,0],[10.583,32.95],[200.876,-18.32],[0,0],[0,0]],"v":[[-253.8,-70.977],[-286.364,-37.695],[96.072,52.656],[190.277,-31.343],[272.118,-70.977]],"c":true},"ix":2},"nm":"Path 1","mn":"ADBE Vector Shape - Group","hd":false},{"ty":"st","c":{"a":0,"k":[0.102000000898,0.102000000898,0.102000000898,1],"ix":3,"x":"var $bm_rt;\n$bm_rt = thisComp.layer('Color Control').effect('Color 5')('Color');"},"o":{"a":0,"k":100,"ix":4},"w":{"a":0,"k":2,"ix":5},"lc":2,"lj":2,"bm":0,"nm":"Stroke 1","mn":"ADBE Vector Graphic - Stroke","hd":false},{"ty":"fl","c":{"a":0,"k":[1,1,1,1],"ix":4,"x":"var $bm_rt;\n$bm_rt = thisComp.layer('Color Control').effect('Color 2')('Color');"},"o":{"a":0,"k":100,"ix":5},"r":1,"bm":0,"nm":"Fill 1","mn":"ADBE Vector Graphic - Fill","hd":false},{"ty":"tr","p":{"a":0,"k":[933.06,860.084],"ix":2},"a":{"a":0,"k":[0,0],"ix":1},"s":{"a":0,"k":[100,100],"ix":3},"r":{"a":0,"k":0,"ix":6},"o":{"a":0,"k":100,"ix":7},"sk":{"a":0,"k":0,"ix":4},"sa":{"a":0,"k":0,"ix":5},"nm":"Transform"}],"nm":"Group 5","np":3,"cix":2,"bm":0,"ix":5,"mn":"ADBE Vector Group","hd":false}],"ip":0,"op":150,"st":0,"bm":0},{"ddd":0,"ind":3,"ty":4,"nm":"Tree","sr":1,"ks":{"o":{"a":0,"k":100,"ix":11},"r":{"a":0,"k":0,"ix":10},"p":{"a":0,"k":[577.472,738.644,0],"ix":2},"a":{"a":0,"k":[937.472,678.644,0],"ix":1},"s":{"a":0,"k":[100,100,100],"ix":6}},"ao":0,"shapes":[{"ty":"gr","it":[{"ty":"gr","it":[{"ind":0,"ty":"sh","ix":1,"ks":{"a":0,"k":{"i":[[0,0],[19.267,-10.584]],"o":[[0,0],[0,0]],"v":[[28.556,-38.404],[-28.556,38.404]],"c":false},"ix":2},"nm":"Path 1","mn":"ADBE Vector Shape - Group","hd":false},{"ty":"st","c":{"a":0,"k":[0.102000000898,0.102000000898,0.102000000898,1],"ix":3,"x":"var $bm_rt;\n$bm_rt = thisComp.layer('Color Control').effect('Color 5')('Color');"},"o":{"a":0,"k":100,"ix":4},"w":{"a":0,"k":2,"ix":5},"lc":2,"lj":2,"bm":0,"nm":"Stroke 1","mn":"ADBE Vector Graphic - Stroke","hd":false},{"ty":"tr","p":{"a":0,"k":[1178.102,681.235],"ix":2},"a":{"a":0,"k":[0,0],"ix":1},"s":{"a":0,"k":[100,100],"ix":3},"r":{"a":0,"k":0,"ix":6},"o":{"a":0,"k":100,"ix":7},"sk":{"a":0,"k":0,"ix":4},"sa":{"a":0,"k":0,"ix":5},"nm":"Transform"}],"nm":"Group 1","np":2,"cix":2,"bm":0,"ix":1,"mn":"ADBE Vector Group","hd":false},{"ty":"gr","it":[{"ind":0,"ty":"sh","ix":1,"ks":{"a":0,"k":{"i":[[0,0],[33.301,-7.056]],"o":[[0,0],[0,0]],"v":[[40.61,-26.597],[-40.609,26.597]],"c":false},"ix":2},"nm":"Path 1","mn":"ADBE Vector Shape - Group","hd":false},{"ty":"st","c":{"a":0,"k":[0.102000000898,0.102000000898,0.102000000898,1],"ix":3,"x":"var $bm_rt;\n$bm_rt = thisComp.layer('Color Control').effect('Color 5')('Color');"},"o":{"a":0,"k":100,"ix":4},"w":{"a":0,"k":2,"ix":5},"lc":2,"lj":2,"bm":0,"nm":"Stroke 1","mn":"ADBE Vector Graphic - Stroke","hd":false},{"ty":"tr","p":{"a":0,"k":[1218.3,719.638],"ix":2},"a":{"a":0,"k":[0,0],"ix":1},"s":{"a":0,"k":[100,100],"ix":3},"r":{"a":0,"k":0,"ix":6},"o":{"a":0,"k":100,"ix":7},"sk":{"a":0,"k":0,"ix":4},"sa":{"a":0,"k":0,"ix":5},"nm":"Transform"}],"nm":"Group 2","np":2,"cix":2,"bm":0,"ix":2,"mn":"ADBE Vector Group","hd":false},{"ty":"gr","it":[{"ind":0,"ty":"sh","ix":1,"ks":{"a":0,"k":{"i":[[0,0],[-49.457,-13.434],[0,0]],"o":[[0,0],[-16.485,97.705],[0,0]],"v":[[-67.469,30.838],[67.469,-46.716],[-37.551,60.15]],"c":true},"ix":2},"nm":"Path 1","mn":"ADBE Vector Shape - Group","hd":false},{"ty":"st","c":{"a":0,"k":[0,0,0,1],"ix":3,"x":"var $bm_rt;\n$bm_rt = thisComp.layer('Color Control').effect('Color 4')('Color');"},"o":{"a":0,"k":100,"ix":4},"w":{"a":0,"k":2,"ix":5},"lc":2,"lj":2,"bm":0,"nm":"Stroke 1","mn":"ADBE Vector Graphic - Stroke","hd":false},{"ty":"fl","c":{"a":0,"k":[1,0.505999995213,0.172999991623,1],"ix":4,"x":"var $bm_rt;\n$bm_rt = thisComp.layer('Color Control').effect('Color 1')('Color');"},"o":{"a":0,"k":100,"ix":5},"r":1,"bm":0,"nm":"Fill 1","mn":"ADBE Vector Graphic - Fill","hd":false},{"ty":"tr","p":{"a":0,"k":[1227.341,713.362],"ix":2},"a":{"a":0,"k":[0,0],"ix":1},"s":{"a":0,"k":[100,100],"ix":3},"r":{"a":0,"k":0,"ix":6},"o":{"a":0,"k":100,"ix":7},"sk":{"a":0,"k":0,"ix":4},"sa":{"a":0,"k":0,"ix":5},"nm":"Transform"}],"nm":"Group 3","np":3,"cix":2,"bm":0,"ix":3,"mn":"ADBE Vector Group","hd":false},{"ty":"gr","it":[{"ind":0,"ty":"sh","ix":1,"ks":{"a":0,"k":{"i":[[0,0],[-65.943,34.197],[0,0]],"o":[[0,0],[34.804,69.615],[0,0]],"v":[[-63.501,56.791],[28.697,-72.668],[-40.909,72.668]],"c":true},"ix":2},"nm":"Path 1","mn":"ADBE Vector Shape - Group","hd":false},{"ty":"st","c":{"a":0,"k":[0.102000000898,0.102000000898,0.102000000898,1],"ix":3,"x":"var $bm_rt;\n$bm_rt = thisComp.layer('Color Control').effect('Color 5')('Color');"},"o":{"a":0,"k":100,"ix":4},"w":{"a":0,"k":2,"ix":5},"lc":2,"lj":2,"bm":0,"nm":"Stroke 1","mn":"ADBE Vector Graphic - Stroke","hd":false},{"ty":"fl","c":{"a":0,"k":[1,1,1,1],"ix":4,"x":"var $bm_rt;\n$bm_rt = thisComp.layer('Color Control').effect('Color 2')('Color');"},"o":{"a":0,"k":100,"ix":5},"r":1,"bm":0,"nm":"Fill 1","mn":"ADBE Vector Graphic - Fill","hd":false},{"ty":"tr","p":{"a":0,"k":[1191.541,686.188],"ix":2},"a":{"a":0,"k":[0,0],"ix":1},"s":{"a":0,"k":[100,100],"ix":3},"r":{"a":0,"k":0,"ix":6},"o":{"a":0,"k":100,"ix":7},"sk":{"a":0,"k":0,"ix":4},"sa":{"a":0,"k":0,"ix":5},"nm":"Transform"}],"nm":"Group 4","np":3,"cix":2,"bm":0,"ix":4,"mn":"ADBE Vector Group","hd":false},{"ty":"tr","p":{"a":0,"k":[1128.425,773.516],"ix":2},"a":{"a":0,"k":[1128.425,773.516],"ix":1},"s":{"a":0,"k":[100,100],"ix":3},"r":{"a":1,"k":[{"i":{"x":[0.667],"y":[1]},"o":{"x":[0.333],"y":[0]},"t":0,"s":[3]},{"i":{"x":[0.667],"y":[1]},"o":{"x":[0.333],"y":[0]},"t":37.25,"s":[-4]},{"i":{"x":[0.667],"y":[1]},"o":{"x":[0.333],"y":[0]},"t":74.5,"s":[3]},{"i":{"x":[0.667],"y":[1]},"o":{"x":[0.333],"y":[0]},"t":111.75,"s":[-4]},{"t":149,"s":[3]}],"ix":6},"o":{"a":0,"k":100,"ix":7},"sk":{"a":0,"k":0,"ix":4},"sa":{"a":0,"k":0,"ix":5},"nm":"Transform"}],"nm":"Group 6","np":4,"cix":2,"bm":0,"ix":1,"mn":"ADBE Vector Group","hd":false},{"ty":"gr","it":[{"ty":"gr","it":[{"ind":0,"ty":"sh","ix":1,"ks":{"a":0,"k":{"i":[[0,0],[0,0]],"o":[[0,0],[0,0]],"v":[[-35.892,19.756],[35.893,-19.756]],"c":false},"ix":2},"nm":"Path 1","mn":"ADBE Vector Shape - Group","hd":false},{"ty":"st","c":{"a":0,"k":[0.102000000898,0.102000000898,0.102000000898,1],"ix":3,"x":"var $bm_rt;\n$bm_rt = thisComp.layer('Color Control').effect('Color 5')('Color');"},"o":{"a":0,"k":100,"ix":4},"w":{"a":0,"k":2,"ix":5},"lc":2,"lj":2,"bm":0,"nm":"Stroke 1","mn":"ADBE Vector Graphic - Stroke","hd":false},{"ty":"tr","p":{"a":0,"k":[644.418,716.536],"ix":2},"a":{"a":0,"k":[0,0],"ix":1},"s":{"a":0,"k":[100,100],"ix":3},"r":{"a":0,"k":0,"ix":6},"o":{"a":0,"k":100,"ix":7},"sk":{"a":0,"k":0,"ix":4},"sa":{"a":0,"k":0,"ix":5},"nm":"Transform"}],"nm":"Group 5","np":2,"cix":2,"bm":0,"ix":1,"mn":"ADBE Vector Group","hd":false},{"ty":"gr","it":[{"ind":0,"ty":"sh","ix":1,"ks":{"a":0,"k":{"i":[[0,0],[0,0]],"o":[[0,0],[0,0]],"v":[[1.634,56.514],[-1.634,-56.514]],"c":false},"ix":2},"nm":"Path 1","mn":"ADBE Vector Shape - Group","hd":false},{"ty":"st","c":{"a":0,"k":[0.102000000898,0.102000000898,0.102000000898,1],"ix":3,"x":"var $bm_rt;\n$bm_rt = thisComp.layer('Color Control').effect('Color 5')('Color');"},"o":{"a":0,"k":100,"ix":4},"w":{"a":0,"k":2,"ix":5},"lc":2,"lj":2,"bm":0,"nm":"Stroke 1","mn":"ADBE Vector Graphic - Stroke","hd":false},{"ty":"tr","p":{"a":0,"k":[678.464,640.291],"ix":2},"a":{"a":0,"k":[0,0],"ix":1},"s":{"a":0,"k":[100,100],"ix":3},"r":{"a":0,"k":0,"ix":6},"o":{"a":0,"k":100,"ix":7},"sk":{"a":0,"k":0,"ix":4},"sa":{"a":0,"k":0,"ix":5},"nm":"Transform"}],"nm":"Group 6","np":2,"cix":2,"bm":0,"ix":2,"mn":"ADBE Vector Group","hd":false},{"ty":"gr","it":[{"ind":0,"ty":"sh","ix":1,"ks":{"a":0,"k":{"i":[[34.307,-17.933],[-42.809,71.161]],"o":[[0,0],[26.704,27.081]],"v":[[5.711,47.992],[2.791,-47.992]],"c":true},"ix":2},"nm":"Path 1","mn":"ADBE Vector Shape - Group","hd":false},{"ty":"st","c":{"a":0,"k":[0.102000000898,0.102000000898,0.102000000898,1],"ix":3,"x":"var $bm_rt;\n$bm_rt = thisComp.layer('Color Control').effect('Color 5')('Color');"},"o":{"a":0,"k":100,"ix":4},"w":{"a":0,"k":2,"ix":5},"lc":2,"lj":2,"bm":0,"nm":"Stroke 1","mn":"ADBE Vector Graphic - Stroke","hd":false},{"ty":"fl","c":{"a":0,"k":[1,1,1,1],"ix":4,"x":"var $bm_rt;\n$bm_rt = thisComp.layer('Color Control').effect('Color 2')('Color');"},"o":{"a":0,"k":100,"ix":5},"r":1,"bm":0,"nm":"Fill 1","mn":"ADBE Vector Graphic - Fill","hd":false},{"ty":"tr","p":{"a":0,"k":[674.039,631.769],"ix":2},"a":{"a":0,"k":[0,0],"ix":1},"s":{"a":0,"k":[100,100],"ix":3},"r":{"a":0,"k":0,"ix":6},"o":{"a":0,"k":100,"ix":7},"sk":{"a":0,"k":0,"ix":4},"sa":{"a":0,"k":0,"ix":5},"nm":"Transform"}],"nm":"Group 7","np":3,"cix":2,"bm":0,"ix":3,"mn":"ADBE Vector Group","hd":false},{"ty":"gr","it":[{"ind":0,"ty":"sh","ix":1,"ks":{"a":0,"k":{"i":[[0,0],[0,0]],"o":[[0,0],[0,0]],"v":[[-64.111,-51.582],[64.112,51.582]],"c":false},"ix":2},"nm":"Path 1","mn":"ADBE Vector Shape - Group","hd":false},{"ty":"st","c":{"a":0,"k":[0.102000000898,0.102000000898,0.102000000898,1],"ix":3,"x":"var $bm_rt;\n$bm_rt = thisComp.layer('Color Control').effect('Color 5')('Color');"},"o":{"a":0,"k":100,"ix":4},"w":{"a":0,"k":2,"ix":5},"lc":2,"lj":2,"bm":0,"nm":"Stroke 1","mn":"ADBE Vector Graphic - Stroke","hd":false},{"ty":"tr","p":{"a":0,"k":[665.31,684.711],"ix":2},"a":{"a":0,"k":[0,0],"ix":1},"s":{"a":0,"k":[100,100],"ix":3},"r":{"a":0,"k":0,"ix":6},"o":{"a":0,"k":100,"ix":7},"sk":{"a":0,"k":0,"ix":4},"sa":{"a":0,"k":0,"ix":5},"nm":"Transform"}],"nm":"Group 8","np":2,"cix":2,"bm":0,"ix":4,"mn":"ADBE Vector Group","hd":false},{"ty":"gr","it":[{"ind":0,"ty":"sh","ix":1,"ks":{"a":0,"k":{"i":[[47.422,14.248],[-72.361,-9.356]],"o":[[0,0],[-8.847,30.933]],"v":[[-42.381,20.45],[42.382,-25.342]],"c":true},"ix":2},"nm":"Path 1","mn":"ADBE Vector Shape - Group","hd":false},{"ty":"st","c":{"a":0,"k":[0.102000000898,0.102000000898,0.102000000898,1],"ix":3,"x":"var $bm_rt;\n$bm_rt = thisComp.layer('Color Control').effect('Color 5')('Color');"},"o":{"a":0,"k":100,"ix":4},"w":{"a":0,"k":2,"ix":5},"lc":2,"lj":2,"bm":0,"nm":"Stroke 1","mn":"ADBE Vector Graphic - Stroke","hd":false},{"ty":"fl","c":{"a":0,"k":[1,1,1,1],"ix":4,"x":"var $bm_rt;\n$bm_rt = thisComp.layer('Color Control').effect('Color 2')('Color');"},"o":{"a":0,"k":100,"ix":5},"r":1,"bm":0,"nm":"Fill 1","mn":"ADBE Vector Graphic - Fill","hd":false},{"ty":"tr","p":{"a":0,"k":[625.67,728.87],"ix":2},"a":{"a":0,"k":[0,0],"ix":1},"s":{"a":0,"k":[100,100],"ix":3},"r":{"a":0,"k":0,"ix":6},"o":{"a":0,"k":100,"ix":7},"sk":{"a":0,"k":0,"ix":4},"sa":{"a":0,"k":0,"ix":5},"nm":"Transform"}],"nm":"Group 9","np":3,"cix":2,"bm":0,"ix":5,"mn":"ADBE Vector Group","hd":false},{"ty":"gr","it":[{"ind":0,"ty":"sh","ix":1,"ks":{"a":0,"k":{"i":[[41.248,-16.013],[-91.717,-3.569]],"o":[[0,0],[-5.706,-41.485]],"v":[[-31.76,-24.813],[45.859,40.827]],"c":true},"ix":2},"nm":"Path 1","mn":"ADBE Vector Shape - Group","hd":false},{"ty":"st","c":{"a":0,"k":[0.102000000898,0.102000000898,0.102000000898,1],"ix":3,"x":"var $bm_rt;\n$bm_rt = thisComp.layer('Color Control').effect('Color 5')('Color');"},"o":{"a":0,"k":100,"ix":4},"w":{"a":0,"k":2,"ix":5},"lc":2,"lj":2,"bm":0,"nm":"Stroke 1","mn":"ADBE Vector Graphic - Stroke","hd":false},{"ty":"fl","c":{"a":0,"k":[1,1,1,1],"ix":4,"x":"var $bm_rt;\n$bm_rt = thisComp.layer('Color Control').effect('Color 2')('Color');"},"o":{"a":0,"k":100,"ix":5},"r":1,"bm":0,"nm":"Fill 1","mn":"ADBE Vector Graphic - Fill","hd":false},{"ty":"tr","p":{"a":0,"k":[612.675,638.433],"ix":2},"a":{"a":0,"k":[0,0],"ix":1},"s":{"a":0,"k":[100,100],"ix":3},"r":{"a":0,"k":0,"ix":6},"o":{"a":0,"k":100,"ix":7},"sk":{"a":0,"k":0,"ix":4},"sa":{"a":0,"k":0,"ix":5},"nm":"Transform"}],"nm":"Group 10","np":3,"cix":2,"bm":0,"ix":6,"mn":"ADBE Vector Group","hd":false},{"ty":"tr","p":{"a":0,"k":[728.778,735.41],"ix":2},"a":{"a":0,"k":[728.778,735.41],"ix":1},"s":{"a":0,"k":[100,100],"ix":3},"r":{"a":1,"k":[{"i":{"x":[0.667],"y":[1]},"o":{"x":[0.333],"y":[0]},"t":0,"s":[-2]},{"i":{"x":[0.667],"y":[1]},"o":{"x":[0.333],"y":[0]},"t":37.25,"s":[7]},{"i":{"x":[0.667],"y":[1]},"o":{"x":[0.333],"y":[0]},"t":74.5,"s":[-2]},{"i":{"x":[0.667],"y":[1]},"o":{"x":[0.333],"y":[0]},"t":111.75,"s":[7]},{"t":149,"s":[-2]}],"ix":6},"o":{"a":0,"k":100,"ix":7},"sk":{"a":0,"k":0,"ix":4},"sa":{"a":0,"k":0,"ix":5},"nm":"Transform"}],"nm":"Group 5","np":6,"cix":2,"bm":0,"ix":2,"mn":"ADBE Vector Group","hd":false}],"ip":0,"op":150,"st":0,"bm":0}]}],"layers":[{"ddd":0,"ind":1,"ty":0,"nm":"Human Scene - 02","refId":"comp_0","sr":1,"ks":{"o":{"a":0,"k":100,"ix":11},"r":{"a":0,"k":0,"ix":10},"p":{"a":0,"k":[600,680,0],"ix":2},"a":{"a":0,"k":[600,600,0],"ix":1},"s":{"a":0,"k":[100,100,100],"ix":6}},"ao":0,"w":1200,"h":1200,"ip":0,"op":150,"st":0,"bm":0},{"ddd":0,"ind":2,"ty":0,"nm":"Background - 02","refId":"comp_1","sr":1,"ks":{"o":{"a":0,"k":100,"ix":11},"r":{"a":0,"k":0,"ix":10},"p":{"a":0,"k":[600,680,0],"ix":2},"a":{"a":0,"k":[600,600,0],"ix":1},"s":{"a":0,"k":[100,100,100],"ix":6}},"ao":0,"w":1200,"h":1200,"ip":0,"op":150,"st":0,"bm":0}],"markers":[]}